css_service_id,attribute_name,attribute_value
SAS00001,Asset ID,SAS00001
SAS00001,Access Line ID,AL000001
SAS00001,Circuit ID,CIR000001
SAS00001,Technology Type,FTTP
CSSS00002,Asset ID,SAS00002
CSSS00002,Access Line ID,AL000002
CSSS00002,Circuit ID,CIR000002
CSSS00002,Technology Type,FTTP
SAS00003,Asset ID,SAS00003
SAS00003,Access Line ID,AL000003
SAS00003,Circuit ID,CIR000003
SAS00003,Technology Type,FTTC
CSSS00004,Asset ID,SAS00004
CSSS00004,Access Line ID,AL000004
CSSS00004,Circuit ID,CIR000004
CSSS00004,Technology Type,FTTC
SAS00005,Asset ID,SAS00005
SAS00005,Access Line ID,AL000005
SAS00005,Circuit ID,CIR000005
SAS00005,Technology Type,Copper
SAS00006,Asset ID,SAS00006
SAS00006,Access Line ID,AL000006
SAS00006,Circuit ID,CIR000006
SAS00006,Technology Type,FTTP
SAS00007,Asset ID,SAS00007
SAS00007,Access Line ID,AL000007
SAS00007,Circuit ID,CIR000007
SAS00007,Technology Type,FTTC
CSSS00008,Asset ID,SAS00008
CSSS00008,Access Line ID,AL000008
CSSS00008,Circuit ID,CIR000008
CSSS00008,Technology Type,FTTC
SAS00009,Asset ID,SAS00009
SAS00009,Access Line ID,AL000009
SAS00009,Circuit ID,CIR000009
SAS00009,Technology Type,FTTC
SAS00010,Asset ID,SAS00010
SAS00010,Access Line ID,AL000010
SAS00010,Circuit ID,CIR000010
SAS00010,Technology Type,Copper
SAS00011,Asset ID,SAS00011
SAS00011,Access Line ID,AL000011
SAS00011,Circuit ID,CIR000011
SAS00011,Technology Type,FTTP
SAS00012,Asset ID,SAS00012
SAS00012,Access Line ID,AL000012
SAS00012,Circuit ID,CIR000012
SAS00012,Technology Type,Copper
SAS00013,Asset ID,SAS00013
SAS00013,Access Line ID,AL000013
SAS00013,Circuit ID,CIR000013
SAS00013,Technology Type,FTTC
SAS00014,Asset ID,SAS00014
SAS00014,Access Line ID,AL000014
SAS00014,Circuit ID,CIR000014
SAS00014,Technology Type,Copper
SAS00015,Asset ID,SAS00015
SAS00015,Access Line ID,AL000015
SAS00015,Circuit ID,CIR000015
SAS00015,Technology Type,Copper
CSSS00016,Asset ID,SAS00016
CSSS00016,Access Line ID,AL000016
CSSS00016,Circuit ID,CIR000016
CSSS00016,Technology Type,Copper
SAS00017,Asset ID,SAS00017
SAS00017,Access Line ID,AL000017
SAS00017,Circuit ID,CIR000017
SAS00017,Technology Type,FTTP
SAS00018,Asset ID,SAS00018
SAS00018,Access Line ID,AL000018
SAS00018,Circuit ID,CIR000018
SAS00018,Technology Type,Copper
SAS00019,Asset ID,SAS00019
SAS00019,Access Line ID,AL000019
SAS00019,Circuit ID,CIR000019
SAS00019,Technology Type,Copper
SAS00020,Asset ID,SAS00020
SAS00020,Access Line ID,AL000020
SAS00020,Circuit ID,CIR000020
SAS00020,Technology Type,FTTC
SAS00021,Asset ID,SAS00021
SAS00021,Access Line ID,AL000021
SAS00021,Circuit ID,CIR000021
SAS00021,Technology Type,Copper
CSSS00022,Asset ID,SAS00022
CSSS00022,Access Line ID,AL000022
CSSS00022,Circuit ID,CIR000022
CSSS00022,Technology Type,FTTC
CSSS00023,Asset ID,SAS00023
CSSS00023,Access Line ID,AL000023
CSSS00023,Circuit ID,CIR000023
CSSS00023,Technology Type,FTTP
SAS00024,Asset ID,SAS00024
SAS00024,Access Line ID,AL000024
SAS00024,Circuit ID,CIR000024
SAS00024,Technology Type,Copper
SAS00025,Asset ID,SAS00025
SAS00025,Access Line ID,AL000025
SAS00025,Circuit ID,CIR000025
SAS00025,Technology Type,Copper
SAS00026,Asset ID,SAS00026
SAS00026,Access Line ID,AL000026
SAS00026,Circuit ID,CIR000026
SAS00026,Technology Type,FTTC
SAS00027,Asset ID,SAS00027
SAS00027,Access Line ID,AL000027
SAS00027,Circuit ID,CIR000027
SAS00027,Technology Type,FTTP
SAS00028,Asset ID,SAS00028
SAS00028,Access Line ID,AL000028
SAS00028,Circuit ID,CIR000028
SAS00028,Technology Type,Copper
SAS00029,Asset ID,SAS00029
SAS00029,Access Line ID,AL000029
SAS00029,Circuit ID,CIR000029
SAS00029,Technology Type,FTTC
CSSS00030,Asset ID,SAS00030
CSSS00030,Access Line ID,AL000030
CSSS00030,Circuit ID,CIR000030
CSSS00030,Technology Type,FTTC
CSSS00031,Asset ID,SAS00031
CSSS00031,Access Line ID,AL000031
CSSS00031,Circuit ID,CIR000031
CSSS00031,Technology Type,Copper
SAS00032,Asset ID,SAS00032
SAS00032,Access Line ID,AL000032
SAS00032,Circuit ID,CIR000032
SAS00032,Technology Type,Copper
SAS00033,Asset ID,SAS00033
SAS00033,Access Line ID,AL000033
SAS00033,Circuit ID,CIR000033
SAS00033,Technology Type,FTTC
SAS00034,Asset ID,SAS00034
SAS00034,Access Line ID,AL000034
SAS00034,Circuit ID,CIR000034
SAS00034,Technology Type,Copper
SAS00035,Asset ID,SAS00035
SAS00035,Access Line ID,AL000035
SAS00035,Circuit ID,CIR000035
SAS00035,Technology Type,FTTC
CSSS00036,Asset ID,SAS00036
CSSS00036,Access Line ID,AL000036
CSSS00036,Circuit ID,CIR000036
CSSS00036,Technology Type,Copper
CSSS00037,Asset ID,SAS00037
CSSS00037,Access Line ID,AL000037
CSSS00037,Circuit ID,CIR000037
CSSS00037,Technology Type,Copper
SAS00038,Asset ID,SAS00038
SAS00038,Access Line ID,AL000038
SAS00038,Circuit ID,CIR000038
SAS00038,Technology Type,Copper
SAS00039,Asset ID,SAS00039
SAS00039,Access Line ID,AL000039
SAS00039,Circuit ID,CIR000039
SAS00039,Technology Type,FTTC
SAS00040,Asset ID,SAS00040
SAS00040,Access Line ID,AL000040
SAS00040,Circuit ID,CIR000040
SAS00040,Technology Type,FTTP
SAS00041,Asset ID,SAS00041
SAS00041,Access Line ID,AL000041
SAS00041,Circuit ID,CIR000041
SAS00041,Technology Type,Copper
CSSS00042,Asset ID,SAS00042
CSSS00042,Access Line ID,AL000042
CSSS00042,Circuit ID,CIR000042
CSSS00042,Technology Type,FTTP
SAS00043,Asset ID,SAS00043
SAS00043,Access Line ID,AL000043
SAS00043,Circuit ID,CIR000043
SAS00043,Technology Type,FTTC
SAS00044,Asset ID,SAS00044
SAS00044,Access Line ID,AL000044
SAS00044,Circuit ID,CIR000044
SAS00044,Technology Type,FTTC
SAS00045,Asset ID,SAS00045
SAS00045,Access Line ID,AL000045
SAS00045,Circuit ID,CIR000045
SAS00045,Technology Type,Copper
CSSS00046,Asset ID,SAS00046
CSSS00046,Access Line ID,AL000046
CSSS00046,Circuit ID,CIR000046
CSSS00046,Technology Type,Copper
SAS00047,Asset ID,SAS00047
SAS00047,Access Line ID,AL000047
SAS00047,Circuit ID,CIR000047
SAS00047,Technology Type,Copper
SAS00048,Asset ID,SAS00048
SAS00048,Access Line ID,AL000048
SAS00048,Circuit ID,CIR000048
SAS00048,Technology Type,Copper
SAS00049,Asset ID,SAS00049
SAS00049,Access Line ID,AL000049
SAS00049,Circuit ID,CIR000049
SAS00049,Technology Type,Copper
SAS00050,Asset ID,SAS00050
SAS00050,Access Line ID,AL000050
SAS00050,Circuit ID,CIR000050
SAS00050,Technology Type,FTTP
SAS00051,Asset ID,SAS00051
SAS00051,Access Line ID,AL000051
SAS00051,Circuit ID,CIR000051
SAS00051,Technology Type,FTTP
CSSS00052,Asset ID,SAS00052
CSSS00052,Access Line ID,AL000052
CSSS00052,Circuit ID,CIR000052
CSSS00052,Technology Type,Copper
SAS00053,Asset ID,SAS00053
SAS00053,Access Line ID,AL000053
SAS00053,Circuit ID,CIR000053
SAS00053,Technology Type,FTTC
SAS00054,Asset ID,SAS00054
SAS00054,Access Line ID,AL000054
SAS00054,Circuit ID,CIR000054
SAS00054,Technology Type,FTTC
SAS00055,Asset ID,SAS00055
SAS00055,Access Line ID,AL000055
SAS00055,Circuit ID,CIR000055
SAS00055,Technology Type,FTTC
SAS00056,Asset ID,SAS00056
SAS00056,Access Line ID,AL000056
SAS00056,Circuit ID,CIR000056
SAS00056,Technology Type,FTTC
CSSS00057,Asset ID,SAS00057
CSSS00057,Access Line ID,AL000057
CSSS00057,Circuit ID,CIR000057
CSSS00057,Technology Type,FTTC
CSSS00058,Asset ID,SAS00058
CSSS00058,Access Line ID,AL000058
CSSS00058,Circuit ID,CIR000058
CSSS00058,Technology Type,Copper
SAS00059,Asset ID,SAS00059
SAS00059,Access Line ID,AL000059
SAS00059,Circuit ID,CIR000059
SAS00059,Technology Type,FTTP
CSSS00060,Asset ID,SAS00060
CSSS00060,Access Line ID,AL000060
CSSS00060,Circuit ID,CIR000060
CSSS00060,Technology Type,FTTP
SAS00061,Asset ID,SAS00061
SAS00061,Access Line ID,AL000061
SAS00061,Circuit ID,CIR000061
SAS00061,Technology Type,Copper
SAS00062,Asset ID,SAS00062
SAS00062,Access Line ID,AL000062
SAS00062,Circuit ID,CIR000062
SAS00062,Technology Type,Copper
SAS00063,Asset ID,SAS00063
SAS00063,Access Line ID,AL000063
SAS00063,Circuit ID,CIR000063
SAS00063,Technology Type,FTTC
SAS00064,Asset ID,SAS00064
SAS00064,Access Line ID,AL000064
SAS00064,Circuit ID,CIR000064
SAS00064,Technology Type,FTTP
SAS00065,Asset ID,SAS00065
SAS00065,Access Line ID,AL000065
SAS00065,Circuit ID,CIR000065
SAS00065,Technology Type,FTTP
SAS00066,Asset ID,SAS00066
SAS00066,Access Line ID,AL000066
SAS00066,Circuit ID,CIR000066
SAS00066,Technology Type,FTTC
SAS00067,Asset ID,SAS00067
SAS00067,Access Line ID,AL000067
SAS00067,Circuit ID,CIR000067
SAS00067,Technology Type,Copper
SAS00068,Asset ID,SAS00068
SAS00068,Access Line ID,AL000068
SAS00068,Circuit ID,CIR000068
SAS00068,Technology Type,FTTP
SAS00069,Asset ID,SAS00069
SAS00069,Access Line ID,AL000069
SAS00069,Circuit ID,CIR000069
SAS00069,Technology Type,FTTP
SAS00070,Asset ID,SAS00070
SAS00070,Access Line ID,AL000070
SAS00070,Circuit ID,CIR000070
SAS00070,Technology Type,FTTP
SAS00071,Asset ID,SAS00071
SAS00071,Access Line ID,AL000071
SAS00071,Circuit ID,CIR000071
SAS00071,Technology Type,FTTP
SAS00072,Asset ID,SAS00072
SAS00072,Access Line ID,AL000072
SAS00072,Circuit ID,CIR000072
SAS00072,Technology Type,FTTC
SAS00073,Asset ID,SAS00073
SAS00073,Access Line ID,AL000073
SAS00073,Circuit ID,CIR000073
SAS00073,Technology Type,FTTP
SAS00074,Asset ID,SAS00074
SAS00074,Access Line ID,AL000074
SAS00074,Circuit ID,CIR000074
SAS00074,Technology Type,Copper
SAS00075,Asset ID,SAS00075
SAS00075,Access Line ID,AL000075
SAS00075,Circuit ID,CIR000075
SAS00075,Technology Type,FTTP
SAS00076,Asset ID,SAS00076
SAS00076,Access Line ID,AL000076
SAS00076,Circuit ID,CIR000076
SAS00076,Technology Type,FTTC
SAS00077,Asset ID,SAS00077
SAS00077,Access Line ID,AL000077
SAS00077,Circuit ID,CIR000077
SAS00077,Technology Type,FTTC
SAS00078,Asset ID,SAS00078
SAS00078,Access Line ID,AL000078
SAS00078,Circuit ID,CIR000078
SAS00078,Technology Type,FTTC
SAS00079,Asset ID,SAS00079
SAS00079,Access Line ID,AL000079
SAS00079,Circuit ID,CIR000079
SAS00079,Technology Type,FTTC
SAS00080,Asset ID,SAS00080
SAS00080,Access Line ID,AL000080
SAS00080,Circuit ID,CIR000080
SAS00080,Technology Type,FTTP
SAS00081,Asset ID,SAS00081
SAS00081,Access Line ID,AL000081
SAS00081,Circuit ID,CIR000081
SAS00081,Technology Type,Copper
SAS00082,Asset ID,SAS00082
SAS00082,Access Line ID,AL000082
SAS00082,Circuit ID,CIR000082
SAS00082,Technology Type,FTTC
SAS00083,Asset ID,SAS00083
SAS00083,Access Line ID,AL000083
SAS00083,Circuit ID,CIR000083
SAS00083,Technology Type,Copper
SAS00084,Asset ID,SAS00084
SAS00084,Access Line ID,AL000084
SAS00084,Circuit ID,CIR000084
SAS00084,Technology Type,FTTP
SAS00085,Asset ID,SAS00085
SAS00085,Access Line ID,AL000085
SAS00085,Circuit ID,CIR000085
SAS00085,Technology Type,FTTP
SAS00086,Asset ID,SAS00086
SAS00086,Access Line ID,AL000086
SAS00086,Circuit ID,CIR000086
SAS00086,Technology Type,Copper
SAS00087,Asset ID,SAS00087
SAS00087,Access Line ID,AL000087
SAS00087,Circuit ID,CIR000087
SAS00087,Technology Type,FTTP
SAS00088,Asset ID,SAS00088
SAS00088,Access Line ID,AL000088
SAS00088,Circuit ID,CIR000088
SAS00088,Technology Type,Copper
CSSS00089,Asset ID,SAS00089
CSSS00089,Access Line ID,AL000089
CSSS00089,Circuit ID,CIR000089
CSSS00089,Technology Type,Copper
CSSS00090,Asset ID,SAS00090
CSSS00090,Access Line ID,AL000090
CSSS00090,Circuit ID,CIR000090
CSSS00090,Technology Type,FTTC
SAS00091,Asset ID,SAS00091
SAS00091,Access Line ID,AL000091
SAS00091,Circuit ID,CIR000091
SAS00091,Technology Type,FTTC
CSSS00092,Asset ID,SAS00092
CSSS00092,Access Line ID,AL000092
CSSS00092,Circuit ID,CIR000092
CSSS00092,Technology Type,Copper
SAS00093,Asset ID,SAS00093
SAS00093,Access Line ID,AL000093
SAS00093,Circuit ID,CIR000093
SAS00093,Technology Type,FTTP
SAS00094,Asset ID,SAS00094
SAS00094,Access Line ID,AL000094
SAS00094,Circuit ID,CIR000094
SAS00094,Technology Type,Copper
CSSS00095,Asset ID,SAS00095
CSSS00095,Access Line ID,AL000095
CSSS00095,Circuit ID,CIR000095
CSSS00095,Technology Type,FTTP
CSSS00096,Asset ID,SAS00096
CSSS00096,Access Line ID,AL000096
CSSS00096,Circuit ID,CIR000096
CSSS00096,Technology Type,Copper
SAS00097,Asset ID,SAS00097
SAS00097,Access Line ID,AL000097
SAS00097,Circuit ID,CIR000097
SAS00097,Technology Type,FTTC
SAS00098,Asset ID,SAS00098
SAS00098,Access Line ID,AL000098
SAS00098,Circuit ID,CIR000098
SAS00098,Technology Type,FTTP
SAS00099,Asset ID,SAS00099
SAS00099,Access Line ID,AL000099
SAS00099,Circuit ID,CIR000099
SAS00099,Technology Type,FTTC
CSSS00100,Asset ID,SAS00100
CSSS00100,Access Line ID,AL000100
CSSS00100,Circuit ID,CIR000100
CSSS00100,Technology Type,FTTP
SAS00101,Asset ID,SAS00101
SAS00101,Access Line ID,AL000101
SAS00101,Circuit ID,CIR000101
SAS00101,Technology Type,FTTC
SAS00102,Asset ID,SAS00102
SAS00102,Access Line ID,AL000102
SAS00102,Circuit ID,CIR000102
SAS00102,Technology Type,Copper
SAS00103,Asset ID,SAS00103
SAS00103,Access Line ID,AL000103
SAS00103,Circuit ID,CIR000103
SAS00103,Technology Type,FTTC
CSSS00104,Asset ID,SAS00104
CSSS00104,Access Line ID,AL000104
CSSS00104,Circuit ID,CIR000104
CSSS00104,Technology Type,FTTP
SAS00105,Asset ID,SAS00105
SAS00105,Access Line ID,AL000105
SAS00105,Circuit ID,CIR000105
SAS00105,Technology Type,Copper
CSSS00106,Asset ID,SAS00106
CSSS00106,Access Line ID,AL000106
CSSS00106,Circuit ID,CIR000106
CSSS00106,Technology Type,FTTC
SAS00107,Asset ID,SAS00107
SAS00107,Access Line ID,AL000107
SAS00107,Circuit ID,CIR000107
SAS00107,Technology Type,Copper
SAS00108,Asset ID,SAS00108
SAS00108,Access Line ID,AL000108
SAS00108,Circuit ID,CIR000108
SAS00108,Technology Type,FTTC
CSSS00109,Asset ID,SAS00109
CSSS00109,Access Line ID,AL000109
CSSS00109,Circuit ID,CIR000109
CSSS00109,Technology Type,FTTP
CSSS00110,Asset ID,SAS00110
CSSS00110,Access Line ID,AL000110
CSSS00110,Circuit ID,CIR000110
CSSS00110,Technology Type,FTTP
CSSS00111,Asset ID,SAS00111
CSSS00111,Access Line ID,AL000111
CSSS00111,Circuit ID,CIR000111
CSSS00111,Technology Type,Copper
SAS00112,Asset ID,SAS00112
SAS00112,Access Line ID,AL000112
SAS00112,Circuit ID,CIR000112
SAS00112,Technology Type,FTTC
SAS00113,Asset ID,SAS00113
SAS00113,Access Line ID,AL000113
SAS00113,Circuit ID,CIR000113
SAS00113,Technology Type,Copper
SAS00114,Asset ID,SAS00114
SAS00114,Access Line ID,AL000114
SAS00114,Circuit ID,CIR000114
SAS00114,Technology Type,FTTC
SAS00115,Asset ID,SAS00115
SAS00115,Access Line ID,AL000115
SAS00115,Circuit ID,CIR000115
SAS00115,Technology Type,FTTP
SAS00116,Asset ID,SAS00116
SAS00116,Access Line ID,AL000116
SAS00116,Circuit ID,CIR000116
SAS00116,Technology Type,Copper
SAS00117,Asset ID,SAS00117
SAS00117,Access Line ID,AL000117
SAS00117,Circuit ID,CIR000117
SAS00117,Technology Type,FTTP
SAS00118,Asset ID,SAS00118
SAS00118,Access Line ID,AL000118
SAS00118,Circuit ID,CIR000118
SAS00118,Technology Type,FTTP
SAS00119,Asset ID,SAS00119
SAS00119,Access Line ID,AL000119
SAS00119,Circuit ID,CIR000119
SAS00119,Technology Type,Copper
SAS00120,Asset ID,SAS00120
SAS00120,Access Line ID,AL000120
SAS00120,Circuit ID,CIR000120
SAS00120,Technology Type,FTTP
SAS00121,Asset ID,SAS00121
SAS00121,Access Line ID,AL000121
SAS00121,Circuit ID,CIR000121
SAS00121,Technology Type,FTTP
SAS00122,Asset ID,SAS00122
SAS00122,Access Line ID,AL000122
SAS00122,Circuit ID,CIR000122
SAS00122,Technology Type,FTTC
SAS00123,Asset ID,SAS00123
SAS00123,Access Line ID,AL000123
SAS00123,Circuit ID,CIR000123
SAS00123,Technology Type,FTTC
SAS00124,Asset ID,SAS00124
SAS00124,Access Line ID,AL000124
SAS00124,Circuit ID,CIR000124
SAS00124,Technology Type,Copper
CSSS00125,Asset ID,SAS00125
CSSS00125,Access Line ID,AL000125
CSSS00125,Circuit ID,CIR000125
CSSS00125,Technology Type,Copper
SAS00126,Asset ID,SAS00126
SAS00126,Access Line ID,AL000126
SAS00126,Circuit ID,CIR000126
SAS00126,Technology Type,Copper
SAS00127,Asset ID,SAS00127
SAS00127,Access Line ID,AL000127
SAS00127,Circuit ID,CIR000127
SAS00127,Technology Type,FTTP
CSSS00128,Asset ID,SAS00128
CSSS00128,Access Line ID,AL000128
CSSS00128,Circuit ID,CIR000128
CSSS00128,Technology Type,FTTP
SAS00129,Asset ID,SAS00129
SAS00129,Access Line ID,AL000129
SAS00129,Circuit ID,CIR000129
SAS00129,Technology Type,Copper
SAS00130,Asset ID,SAS00130
SAS00130,Access Line ID,AL000130
SAS00130,Circuit ID,CIR000130
SAS00130,Technology Type,Copper
SAS00131,Asset ID,SAS00131
SAS00131,Access Line ID,AL000131
SAS00131,Circuit ID,CIR000131
SAS00131,Technology Type,Copper
SAS00132,Asset ID,SAS00132
SAS00132,Access Line ID,AL000132
SAS00132,Circuit ID,CIR000132
SAS00132,Technology Type,FTTP
SAS00133,Asset ID,SAS00133
SAS00133,Access Line ID,AL000133
SAS00133,Circuit ID,CIR000133
SAS00133,Technology Type,FTTP
SAS00134,Asset ID,SAS00134
SAS00134,Access Line ID,AL000134
SAS00134,Circuit ID,CIR000134
SAS00134,Technology Type,Copper
SAS00135,Asset ID,SAS00135
SAS00135,Access Line ID,AL000135
SAS00135,Circuit ID,CIR000135
SAS00135,Technology Type,FTTP
CSSS00136,Asset ID,SAS00136
CSSS00136,Access Line ID,AL000136
CSSS00136,Circuit ID,CIR000136
CSSS00136,Technology Type,FTTC
SAS00137,Asset ID,SAS00137
SAS00137,Access Line ID,AL000137
SAS00137,Circuit ID,CIR000137
SAS00137,Technology Type,Copper
CSSS00138,Asset ID,SAS00138
CSSS00138,Access Line ID,AL000138
CSSS00138,Circuit ID,CIR000138
CSSS00138,Technology Type,FTTC
SAS00139,Asset ID,SAS00139
SAS00139,Access Line ID,AL000139
SAS00139,Circuit ID,CIR000139
SAS00139,Technology Type,Copper
CSSS00140,Asset ID,SAS00140
CSSS00140,Access Line ID,AL000140
CSSS00140,Circuit ID,CIR000140
CSSS00140,Technology Type,FTTP
SAS00141,Asset ID,SAS00141
SAS00141,Access Line ID,AL000141
SAS00141,Circuit ID,CIR000141
SAS00141,Technology Type,FTTP
SAS00142,Asset ID,SAS00142
SAS00142,Access Line ID,AL000142
SAS00142,Circuit ID,CIR000142
SAS00142,Technology Type,Copper
SAS00143,Asset ID,SAS00143
SAS00143,Access Line ID,AL000143
SAS00143,Circuit ID,CIR000143
SAS00143,Technology Type,FTTC
SAS00144,Asset ID,SAS00144
SAS00144,Access Line ID,AL000144
SAS00144,Circuit ID,CIR000144
SAS00144,Technology Type,Copper
CSSS00145,Asset ID,SAS00145
CSSS00145,Access Line ID,AL000145
CSSS00145,Circuit ID,CIR000145
CSSS00145,Technology Type,Copper
CSSS00146,Asset ID,SAS00146
CSSS00146,Access Line ID,AL000146
CSSS00146,Circuit ID,CIR000146
CSSS00146,Technology Type,Copper
SAS00147,Asset ID,SAS00147
SAS00147,Access Line ID,AL000147
SAS00147,Circuit ID,CIR000147
SAS00147,Technology Type,Copper
SAS00148,Asset ID,SAS00148
SAS00148,Access Line ID,AL000148
SAS00148,Circuit ID,CIR000148
SAS00148,Technology Type,FTTC
CSSS00149,Asset ID,SAS00149
CSSS00149,Access Line ID,AL000149
CSSS00149,Circuit ID,CIR000149
CSSS00149,Technology Type,Copper
SAS00150,Asset ID,SAS00150
SAS00150,Access Line ID,AL000150
SAS00150,Circuit ID,CIR000150
SAS00150,Technology Type,FTTC
CSSS00151,Asset ID,SAS00151
CSSS00151,Access Line ID,AL000151
CSSS00151,Circuit ID,CIR000151
CSSS00151,Technology Type,FTTC
SAS00152,Asset ID,SAS00152
SAS00152,Access Line ID,AL000152
SAS00152,Circuit ID,CIR000152
SAS00152,Technology Type,FTTC
SAS00153,Asset ID,SAS00153
SAS00153,Access Line ID,AL000153
SAS00153,Circuit ID,CIR000153
SAS00153,Technology Type,Copper
SAS00154,Asset ID,SAS00154
SAS00154,Access Line ID,AL000154
SAS00154,Circuit ID,CIR000154
SAS00154,Technology Type,FTTC
CSSS00155,Asset ID,SAS00155
CSSS00155,Access Line ID,AL000155
CSSS00155,Circuit ID,CIR000155
CSSS00155,Technology Type,Copper
SAS00156,Asset ID,SAS00156
SAS00156,Access Line ID,AL000156
SAS00156,Circuit ID,CIR000156
SAS00156,Technology Type,FTTC
SAS00157,Asset ID,SAS00157
SAS00157,Access Line ID,AL000157
SAS00157,Circuit ID,CIR000157
SAS00157,Technology Type,FTTP
SAS00158,Asset ID,SAS00158
SAS00158,Access Line ID,AL000158
SAS00158,Circuit ID,CIR000158
SAS00158,Technology Type,FTTC
CSSS00159,Asset ID,SAS00159
CSSS00159,Access Line ID,AL000159
CSSS00159,Circuit ID,CIR000159
CSSS00159,Technology Type,Copper
SAS00160,Asset ID,SAS00160
SAS00160,Access Line ID,AL000160
SAS00160,Circuit ID,CIR000160
SAS00160,Technology Type,FTTP
SAS00161,Asset ID,SAS00161
SAS00161,Access Line ID,AL000161
SAS00161,Circuit ID,CIR000161
SAS00161,Technology Type,FTTP
SAS00162,Asset ID,SAS00162
SAS00162,Access Line ID,AL000162
SAS00162,Circuit ID,CIR000162
SAS00162,Technology Type,FTTP
SAS00163,Asset ID,SAS00163
SAS00163,Access Line ID,AL000163
SAS00163,Circuit ID,CIR000163
SAS00163,Technology Type,FTTP
SAS00164,Asset ID,SAS00164
SAS00164,Access Line ID,AL000164
SAS00164,Circuit ID,CIR000164
SAS00164,Technology Type,Copper
SAS00165,Asset ID,SAS00165
SAS00165,Access Line ID,AL000165
SAS00165,Circuit ID,CIR000165
SAS00165,Technology Type,FTTC
SAS00166,Asset ID,SAS00166
SAS00166,Access Line ID,AL000166
SAS00166,Circuit ID,CIR000166
SAS00166,Technology Type,Copper
SAS00167,Asset ID,SAS00167
SAS00167,Access Line ID,AL000167
SAS00167,Circuit ID,CIR000167
SAS00167,Technology Type,FTTP
SAS00168,Asset ID,SAS00168
SAS00168,Access Line ID,AL000168
SAS00168,Circuit ID,CIR000168
SAS00168,Technology Type,FTTP
SAS00169,Asset ID,SAS00169
SAS00169,Access Line ID,AL000169
SAS00169,Circuit ID,CIR000169
SAS00169,Technology Type,FTTP
SAS00170,Asset ID,SAS00170
SAS00170,Access Line ID,AL000170
SAS00170,Circuit ID,CIR000170
SAS00170,Technology Type,FTTC
SAS00171,Asset ID,SAS00171
SAS00171,Access Line ID,AL000171
SAS00171,Circuit ID,CIR000171
SAS00171,Technology Type,Copper
SAS00172,Asset ID,SAS00172
SAS00172,Access Line ID,AL000172
SAS00172,Circuit ID,CIR000172
SAS00172,Technology Type,FTTP
SAS00173,Asset ID,SAS00173
SAS00173,Access Line ID,AL000173
SAS00173,Circuit ID,CIR000173
SAS00173,Technology Type,Copper
SAS00174,Asset ID,SAS00174
SAS00174,Access Line ID,AL000174
SAS00174,Circuit ID,CIR000174
SAS00174,Technology Type,FTTP
SAS00175,Asset ID,SAS00175
SAS00175,Access Line ID,AL000175
SAS00175,Circuit ID,CIR000175
SAS00175,Technology Type,FTTC
SAS00176,Asset ID,SAS00176
SAS00176,Access Line ID,AL000176
SAS00176,Circuit ID,CIR000176
SAS00176,Technology Type,Copper
SAS00177,Asset ID,SAS00177
SAS00177,Access Line ID,AL000177
SAS00177,Circuit ID,CIR000177
SAS00177,Technology Type,Copper
SAS00178,Asset ID,SAS00178
SAS00178,Access Line ID,AL000178
SAS00178,Circuit ID,CIR000178
SAS00178,Technology Type,FTTP
SAS00179,Asset ID,SAS00179
SAS00179,Access Line ID,AL000179
SAS00179,Circuit ID,CIR000179
SAS00179,Technology Type,Copper
SAS00180,Asset ID,SAS00180
SAS00180,Access Line ID,AL000180
SAS00180,Circuit ID,CIR000180
SAS00180,Technology Type,FTTC
SAS00181,Asset ID,SAS00181
SAS00181,Access Line ID,AL000181
SAS00181,Circuit ID,CIR000181
SAS00181,Technology Type,FTTC
SAS00182,Asset ID,SAS00182
SAS00182,Access Line ID,AL000182
SAS00182,Circuit ID,CIR000182
SAS00182,Technology Type,Copper
SAS00183,Asset ID,SAS00183
SAS00183,Access Line ID,AL000183
SAS00183,Circuit ID,CIR000183
SAS00183,Technology Type,FTTC
SAS00184,Asset ID,SAS00184
SAS00184,Access Line ID,AL000184
SAS00184,Circuit ID,CIR000184
SAS00184,Technology Type,FTTC
SAS00185,Asset ID,SAS00185
SAS00185,Access Line ID,AL000185
SAS00185,Circuit ID,CIR000185
SAS00185,Technology Type,FTTC
SAS00186,Asset ID,SAS00186
SAS00186,Access Line ID,AL000186
SAS00186,Circuit ID,CIR000186
SAS00186,Technology Type,Copper
SAS00187,Asset ID,SAS00187
SAS00187,Access Line ID,AL000187
SAS00187,Circuit ID,CIR000187
SAS00187,Technology Type,FTTP
CSSS00188,Asset ID,SAS00188
CSSS00188,Access Line ID,AL000188
CSSS00188,Circuit ID,CIR000188
CSSS00188,Technology Type,FTTC
SAS00189,Asset ID,SAS00189
SAS00189,Access Line ID,AL000189
SAS00189,Circuit ID,CIR000189
SAS00189,Technology Type,FTTC
SAS00190,Asset ID,SAS00190
SAS00190,Access Line ID,AL000190
SAS00190,Circuit ID,CIR000190
SAS00190,Technology Type,FTTP
SAS00191,Asset ID,SAS00191
SAS00191,Access Line ID,AL000191
SAS00191,Circuit ID,CIR000191
SAS00191,Technology Type,FTTC
CSSS00192,Asset ID,SAS00192
CSSS00192,Access Line ID,AL000192
CSSS00192,Circuit ID,CIR000192
CSSS00192,Technology Type,FTTP
CSSS00193,Asset ID,SAS00193
CSSS00193,Access Line ID,AL000193
CSSS00193,Circuit ID,CIR000193
CSSS00193,Technology Type,Copper
SAS00194,Asset ID,SAS00194
SAS00194,Access Line ID,AL000194
SAS00194,Circuit ID,CIR000194
SAS00194,Technology Type,FTTC
SAS00195,Asset ID,SAS00195
SAS00195,Access Line ID,AL000195
SAS00195,Circuit ID,CIR000195
SAS00195,Technology Type,FTTC
SAS00196,Asset ID,SAS00196
SAS00196,Access Line ID,AL000196
SAS00196,Circuit ID,CIR000196
SAS00196,Technology Type,Copper
SAS00197,Asset ID,SAS00197
SAS00197,Access Line ID,AL000197
SAS00197,Circuit ID,CIR000197
SAS00197,Technology Type,FTTP
SAS00198,Asset ID,SAS00198
SAS00198,Access Line ID,AL000198
SAS00198,Circuit ID,CIR000198
SAS00198,Technology Type,Copper
SAS00199,Asset ID,SAS00199
SAS00199,Access Line ID,AL000199
SAS00199,Circuit ID,CIR000199
SAS00199,Technology Type,Copper
SAS00200,Asset ID,SAS00200
SAS00200,Access Line ID,AL000200
SAS00200,Circuit ID,CIR000200
SAS00200,Technology Type,FTTC
SAS00201,Asset ID,SAS00201
SAS00201,Access Line ID,AL000201
SAS00201,Circuit ID,CIR000201
SAS00201,Technology Type,Copper
SAS00202,Asset ID,SAS00202
SAS00202,Access Line ID,AL000202
SAS00202,Circuit ID,CIR000202
SAS00202,Technology Type,FTTP
SAS00203,Asset ID,SAS00203
SAS00203,Access Line ID,AL000203
SAS00203,Circuit ID,CIR000203
SAS00203,Technology Type,FTTC
SAS00204,Asset ID,SAS00204
SAS00204,Access Line ID,AL000204
SAS00204,Circuit ID,CIR000204
SAS00204,Technology Type,FTTP
CSSS00205,Asset ID,SAS00205
CSSS00205,Access Line ID,AL000205
CSSS00205,Circuit ID,CIR000205
CSSS00205,Technology Type,Copper
SAS00206,Asset ID,SAS00206
SAS00206,Access Line ID,AL000206
SAS00206,Circuit ID,CIR000206
SAS00206,Technology Type,Copper
SAS00207,Asset ID,SAS00207
SAS00207,Access Line ID,AL000207
SAS00207,Circuit ID,CIR000207
SAS00207,Technology Type,FTTC
SAS00208,Asset ID,SAS00208
SAS00208,Access Line ID,AL000208
SAS00208,Circuit ID,CIR000208
SAS00208,Technology Type,FTTP
SAS00209,Asset ID,SAS00209
SAS00209,Access Line ID,AL000209
SAS00209,Circuit ID,CIR000209
SAS00209,Technology Type,FTTC
SAS00210,Asset ID,SAS00210
SAS00210,Access Line ID,AL000210
SAS00210,Circuit ID,CIR000210
SAS00210,Technology Type,Copper
CSSS00211,Asset ID,SAS00211
CSSS00211,Access Line ID,AL000211
CSSS00211,Circuit ID,CIR000211
CSSS00211,Technology Type,Copper
CSSS00212,Asset ID,SAS00212
CSSS00212,Access Line ID,AL000212
CSSS00212,Circuit ID,CIR000212
CSSS00212,Technology Type,FTTP
SAS00213,Asset ID,SAS00213
SAS00213,Access Line ID,AL000213
SAS00213,Circuit ID,CIR000213
SAS00213,Technology Type,Copper
SAS00214,Asset ID,SAS00214
SAS00214,Access Line ID,AL000214
SAS00214,Circuit ID,CIR000214
SAS00214,Technology Type,FTTP
SAS00215,Asset ID,SAS00215
SAS00215,Access Line ID,AL000215
SAS00215,Circuit ID,CIR000215
SAS00215,Technology Type,FTTP
SAS00216,Asset ID,SAS00216
SAS00216,Access Line ID,AL000216
SAS00216,Circuit ID,CIR000216
SAS00216,Technology Type,FTTC
SAS00217,Asset ID,SAS00217
SAS00217,Access Line ID,AL000217
SAS00217,Circuit ID,CIR000217
SAS00217,Technology Type,Copper
SAS00218,Asset ID,SAS00218
SAS00218,Access Line ID,AL000218
SAS00218,Circuit ID,CIR000218
SAS00218,Technology Type,FTTP
SAS00219,Asset ID,SAS00219
SAS00219,Access Line ID,AL000219
SAS00219,Circuit ID,CIR000219
SAS00219,Technology Type,Copper
CSSS00220,Asset ID,SAS00220
CSSS00220,Access Line ID,AL000220
CSSS00220,Circuit ID,CIR000220
CSSS00220,Technology Type,FTTP
SAS00221,Asset ID,SAS00221
SAS00221,Access Line ID,AL000221
SAS00221,Circuit ID,CIR000221
SAS00221,Technology Type,FTTP
SAS00222,Asset ID,SAS00222
SAS00222,Access Line ID,AL000222
SAS00222,Circuit ID,CIR000222
SAS00222,Technology Type,Copper
SAS00223,Asset ID,SAS00223
SAS00223,Access Line ID,AL000223
SAS00223,Circuit ID,CIR000223
SAS00223,Technology Type,FTTP
SAS00224,Asset ID,SAS00224
SAS00224,Access Line ID,AL000224
SAS00224,Circuit ID,CIR000224
SAS00224,Technology Type,FTTP
SAS00225,Asset ID,SAS00225
SAS00225,Access Line ID,AL000225
SAS00225,Circuit ID,CIR000225
SAS00225,Technology Type,Copper
SAS00226,Asset ID,SAS00226
SAS00226,Access Line ID,AL000226
SAS00226,Circuit ID,CIR000226
SAS00226,Technology Type,FTTC
SAS00227,Asset ID,SAS00227
SAS00227,Access Line ID,AL000227
SAS00227,Circuit ID,CIR000227
SAS00227,Technology Type,FTTP
SAS00228,Asset ID,SAS00228
SAS00228,Access Line ID,AL000228
SAS00228,Circuit ID,CIR000228
SAS00228,Technology Type,Copper
SAS00229,Asset ID,SAS00229
SAS00229,Access Line ID,AL000229
SAS00229,Circuit ID,CIR000229
SAS00229,Technology Type,FTTC
SAS00230,Asset ID,SAS00230
SAS00230,Access Line ID,AL000230
SAS00230,Circuit ID,CIR000230
SAS00230,Technology Type,FTTC
SAS00231,Asset ID,SAS00231
SAS00231,Access Line ID,AL000231
SAS00231,Circuit ID,CIR000231
SAS00231,Technology Type,Copper
CSSS00232,Asset ID,SAS00232
CSSS00232,Access Line ID,AL000232
CSSS00232,Circuit ID,CIR000232
CSSS00232,Technology Type,FTTP
SAS00233,Asset ID,SAS00233
SAS00233,Access Line ID,AL000233
SAS00233,Circuit ID,CIR000233
SAS00233,Technology Type,FTTP
SAS00234,Asset ID,SAS00234
SAS00234,Access Line ID,AL000234
SAS00234,Circuit ID,CIR000234
SAS00234,Technology Type,FTTP
SAS00235,Asset ID,SAS00235
SAS00235,Access Line ID,AL000235
SAS00235,Circuit ID,CIR000235
SAS00235,Technology Type,Copper
SAS00236,Asset ID,SAS00236
SAS00236,Access Line ID,AL000236
SAS00236,Circuit ID,CIR000236
SAS00236,Technology Type,FTTP
SAS00237,Asset ID,SAS00237
SAS00237,Access Line ID,AL000237
SAS00237,Circuit ID,CIR000237
SAS00237,Technology Type,FTTP
SAS00238,Asset ID,SAS00238
SAS00238,Access Line ID,AL000238
SAS00238,Circuit ID,CIR000238
SAS00238,Technology Type,Copper
SAS00239,Asset ID,SAS00239
SAS00239,Access Line ID,AL000239
SAS00239,Circuit ID,CIR000239
SAS00239,Technology Type,FTTC
SAS00240,Asset ID,SAS00240
SAS00240,Access Line ID,AL000240
SAS00240,Circuit ID,CIR000240
SAS00240,Technology Type,Copper
SAS00241,Asset ID,SAS00241
SAS00241,Access Line ID,AL000241
SAS00241,Circuit ID,CIR000241
SAS00241,Technology Type,FTTP
CSSS00242,Asset ID,SAS00242
CSSS00242,Access Line ID,AL000242
CSSS00242,Circuit ID,CIR000242
CSSS00242,Technology Type,FTTC
SAS00243,Asset ID,SAS00243
SAS00243,Access Line ID,AL000243
SAS00243,Circuit ID,CIR000243
SAS00243,Technology Type,FTTP
SAS00244,Asset ID,SAS00244
SAS00244,Access Line ID,AL000244
SAS00244,Circuit ID,CIR000244
SAS00244,Technology Type,FTTC
SAS00245,Asset ID,SAS00245
SAS00245,Access Line ID,AL000245
SAS00245,Circuit ID,CIR000245
SAS00245,Technology Type,FTTC
SAS00246,Asset ID,SAS00246
SAS00246,Access Line ID,AL000246
SAS00246,Circuit ID,CIR000246
SAS00246,Technology Type,FTTP
SAS00247,Asset ID,SAS00247
SAS00247,Access Line ID,AL000247
SAS00247,Circuit ID,CIR000247
SAS00247,Technology Type,FTTP
SAS00248,Asset ID,SAS00248
SAS00248,Access Line ID,AL000248
SAS00248,Circuit ID,CIR000248
SAS00248,Technology Type,FTTC
CSSS00249,Asset ID,SAS00249
CSSS00249,Access Line ID,AL000249
CSSS00249,Circuit ID,CIR000249
CSSS00249,Technology Type,Copper
SAS00250,Asset ID,SAS00250
SAS00250,Access Line ID,AL000250
SAS00250,Circuit ID,CIR000250
SAS00250,Technology Type,Copper
SAS00251,Asset ID,SAS00251
SAS00251,Access Line ID,AL000251
SAS00251,Circuit ID,CIR000251
SAS00251,Technology Type,FTTP
SAS00252,Asset ID,SAS00252
SAS00252,Access Line ID,AL000252
SAS00252,Circuit ID,CIR000252
SAS00252,Technology Type,FTTC
SAS00253,Asset ID,SAS00253
SAS00253,Access Line ID,AL000253
SAS00253,Circuit ID,CIR000253
SAS00253,Technology Type,FTTP
SAS00254,Asset ID,SAS00254
SAS00254,Access Line ID,AL000254
SAS00254,Circuit ID,CIR000254
SAS00254,Technology Type,FTTC
SAS00255,Asset ID,SAS00255
SAS00255,Access Line ID,AL000255
SAS00255,Circuit ID,CIR000255
SAS00255,Technology Type,FTTP
SAS00256,Asset ID,SAS00256
SAS00256,Access Line ID,AL000256
SAS00256,Circuit ID,CIR000256
SAS00256,Technology Type,Copper
SAS00257,Asset ID,SAS00257
SAS00257,Access Line ID,AL000257
SAS00257,Circuit ID,CIR000257
SAS00257,Technology Type,FTTP
SAS00258,Asset ID,SAS00258
SAS00258,Access Line ID,AL000258
SAS00258,Circuit ID,CIR000258
SAS00258,Technology Type,FTTP
SAS00259,Asset ID,SAS00259
SAS00259,Access Line ID,AL000259
SAS00259,Circuit ID,CIR000259
SAS00259,Technology Type,Copper
SAS00260,Asset ID,SAS00260
SAS00260,Access Line ID,AL000260
SAS00260,Circuit ID,CIR000260
SAS00260,Technology Type,FTTP
SAS00261,Asset ID,SAS00261
SAS00261,Access Line ID,AL000261
SAS00261,Circuit ID,CIR000261
SAS00261,Technology Type,FTTC
SAS00262,Asset ID,SAS00262
SAS00262,Access Line ID,AL000262
SAS00262,Circuit ID,CIR000262
SAS00262,Technology Type,FTTC
CSSS00263,Asset ID,SAS00263
CSSS00263,Access Line ID,AL000263
CSSS00263,Circuit ID,CIR000263
CSSS00263,Technology Type,FTTC
SAS00264,Asset ID,SAS00264
SAS00264,Access Line ID,AL000264
SAS00264,Circuit ID,CIR000264
SAS00264,Technology Type,Copper
SAS00265,Asset ID,SAS00265
SAS00265,Access Line ID,AL000265
SAS00265,Circuit ID,CIR000265
SAS00265,Technology Type,FTTP
SAS00266,Asset ID,SAS00266
SAS00266,Access Line ID,AL000266
SAS00266,Circuit ID,CIR000266
SAS00266,Technology Type,FTTP
CSSS00267,Asset ID,SAS00267
CSSS00267,Access Line ID,AL000267
CSSS00267,Circuit ID,CIR000267
CSSS00267,Technology Type,FTTP
SAS00268,Asset ID,SAS00268
SAS00268,Access Line ID,AL000268
SAS00268,Circuit ID,CIR000268
SAS00268,Technology Type,FTTP
SAS00269,Asset ID,SAS00269
SAS00269,Access Line ID,AL000269
SAS00269,Circuit ID,CIR000269
SAS00269,Technology Type,FTTC
SAS00270,Asset ID,SAS00270
SAS00270,Access Line ID,AL000270
SAS00270,Circuit ID,CIR000270
SAS00270,Technology Type,Copper
SAS00271,Asset ID,SAS00271
SAS00271,Access Line ID,AL000271
SAS00271,Circuit ID,CIR000271
SAS00271,Technology Type,FTTP
CSSS00272,Asset ID,SAS00272
CSSS00272,Access Line ID,AL000272
CSSS00272,Circuit ID,CIR000272
CSSS00272,Technology Type,FTTC
SAS00273,Asset ID,SAS00273
SAS00273,Access Line ID,AL000273
SAS00273,Circuit ID,CIR000273
SAS00273,Technology Type,FTTP
SAS00274,Asset ID,SAS00274
SAS00274,Access Line ID,AL000274
SAS00274,Circuit ID,CIR000274
SAS00274,Technology Type,FTTC
SAS00275,Asset ID,SAS00275
SAS00275,Access Line ID,AL000275
SAS00275,Circuit ID,CIR000275
SAS00275,Technology Type,FTTP
SAS00276,Asset ID,SAS00276
SAS00276,Access Line ID,AL000276
SAS00276,Circuit ID,CIR000276
SAS00276,Technology Type,Copper
SAS00277,Asset ID,SAS00277
SAS00277,Access Line ID,AL000277
SAS00277,Circuit ID,CIR000277
SAS00277,Technology Type,FTTP
SAS00278,Asset ID,SAS00278
SAS00278,Access Line ID,AL000278
SAS00278,Circuit ID,CIR000278
SAS00278,Technology Type,FTTP
SAS00279,Asset ID,SAS00279
SAS00279,Access Line ID,AL000279
SAS00279,Circuit ID,CIR000279
SAS00279,Technology Type,FTTP
SAS00280,Asset ID,SAS00280
SAS00280,Access Line ID,AL000280
SAS00280,Circuit ID,CIR000280
SAS00280,Technology Type,Copper
SAS00281,Asset ID,SAS00281
SAS00281,Access Line ID,AL000281
SAS00281,Circuit ID,CIR000281
SAS00281,Technology Type,Copper
CSSS00282,Asset ID,SAS00282
CSSS00282,Access Line ID,AL000282
CSSS00282,Circuit ID,CIR000282
CSSS00282,Technology Type,FTTP
SAS00283,Asset ID,SAS00283
SAS00283,Access Line ID,AL000283
SAS00283,Circuit ID,CIR000283
SAS00283,Technology Type,Copper
SAS00284,Asset ID,SAS00284
SAS00284,Access Line ID,AL000284
SAS00284,Circuit ID,CIR000284
SAS00284,Technology Type,FTTC
CSSS00285,Asset ID,SAS00285
CSSS00285,Access Line ID,AL000285
CSSS00285,Circuit ID,CIR000285
CSSS00285,Technology Type,FTTC
SAS00286,Asset ID,SAS00286
SAS00286,Access Line ID,AL000286
SAS00286,Circuit ID,CIR000286
SAS00286,Technology Type,FTTC
SAS00287,Asset ID,SAS00287
SAS00287,Access Line ID,AL000287
SAS00287,Circuit ID,CIR000287
SAS00287,Technology Type,FTTC
SAS00288,Asset ID,SAS00288
SAS00288,Access Line ID,AL000288
SAS00288,Circuit ID,CIR000288
SAS00288,Technology Type,Copper
SAS00289,Asset ID,SAS00289
SAS00289,Access Line ID,AL000289
SAS00289,Circuit ID,CIR000289
SAS00289,Technology Type,FTTP
SAS00290,Asset ID,SAS00290
SAS00290,Access Line ID,AL000290
SAS00290,Circuit ID,CIR000290
SAS00290,Technology Type,FTTP
CSSS00291,Asset ID,SAS00291
CSSS00291,Access Line ID,AL000291
CSSS00291,Circuit ID,CIR000291
CSSS00291,Technology Type,Copper
SAS00292,Asset ID,SAS00292
SAS00292,Access Line ID,AL000292
SAS00292,Circuit ID,CIR000292
SAS00292,Technology Type,Copper
CSSS00293,Asset ID,SAS00293
CSSS00293,Access Line ID,AL000293
CSSS00293,Circuit ID,CIR000293
CSSS00293,Technology Type,Copper
SAS00294,Asset ID,SAS00294
SAS00294,Access Line ID,AL000294
SAS00294,Circuit ID,CIR000294
SAS00294,Technology Type,FTTP
SAS00295,Asset ID,SAS00295
SAS00295,Access Line ID,AL000295
SAS00295,Circuit ID,CIR000295
SAS00295,Technology Type,Copper
SAS00296,Asset ID,SAS00296
SAS00296,Access Line ID,AL000296
SAS00296,Circuit ID,CIR000296
SAS00296,Technology Type,FTTC
SAS00297,Asset ID,SAS00297
SAS00297,Access Line ID,AL000297
SAS00297,Circuit ID,CIR000297
SAS00297,Technology Type,FTTC
CSSS00298,Asset ID,SAS00298
CSSS00298,Access Line ID,AL000298
CSSS00298,Circuit ID,CIR000298
CSSS00298,Technology Type,Copper
SAS00299,Asset ID,SAS00299
SAS00299,Access Line ID,AL000299
SAS00299,Circuit ID,CIR000299
SAS00299,Technology Type,FTTP
CSSS00300,Asset ID,SAS00300
CSSS00300,Access Line ID,AL000300
CSSS00300,Circuit ID,CIR000300
CSSS00300,Technology Type,FTTC
SAS00301,Asset ID,SAS00301
SAS00301,Access Line ID,AL000301
SAS00301,Circuit ID,CIR000301
SAS00301,Technology Type,FTTC
SAS00302,Asset ID,SAS00302
SAS00302,Access Line ID,AL000302
SAS00302,Circuit ID,CIR000302
SAS00302,Technology Type,FTTP
SAS00303,Asset ID,SAS00303
SAS00303,Access Line ID,AL000303
SAS00303,Circuit ID,CIR000303
SAS00303,Technology Type,Copper
CSSS00304,Asset ID,SAS00304
CSSS00304,Access Line ID,AL000304
CSSS00304,Circuit ID,CIR000304
CSSS00304,Technology Type,FTTP
SAS00305,Asset ID,SAS00305
SAS00305,Access Line ID,AL000305
SAS00305,Circuit ID,CIR000305
SAS00305,Technology Type,FTTP
SAS00306,Asset ID,SAS00306
SAS00306,Access Line ID,AL000306
SAS00306,Circuit ID,CIR000306
SAS00306,Technology Type,FTTP
SAS00307,Asset ID,SAS00307
SAS00307,Access Line ID,AL000307
SAS00307,Circuit ID,CIR000307
SAS00307,Technology Type,FTTP
SAS00308,Asset ID,SAS00308
SAS00308,Access Line ID,AL000308
SAS00308,Circuit ID,CIR000308
SAS00308,Technology Type,Copper
CSSS00309,Asset ID,SAS00309
CSSS00309,Access Line ID,AL000309
CSSS00309,Circuit ID,CIR000309
CSSS00309,Technology Type,Copper
SAS00310,Asset ID,SAS00310
SAS00310,Access Line ID,AL000310
SAS00310,Circuit ID,CIR000310
SAS00310,Technology Type,FTTP
SAS00311,Asset ID,SAS00311
SAS00311,Access Line ID,AL000311
SAS00311,Circuit ID,CIR000311
SAS00311,Technology Type,FTTC
CSSS00312,Asset ID,SAS00312
CSSS00312,Access Line ID,AL000312
CSSS00312,Circuit ID,CIR000312
CSSS00312,Technology Type,Copper
CSSS00313,Asset ID,SAS00313
CSSS00313,Access Line ID,AL000313
CSSS00313,Circuit ID,CIR000313
CSSS00313,Technology Type,FTTC
SAS00314,Asset ID,SAS00314
SAS00314,Access Line ID,AL000314
SAS00314,Circuit ID,CIR000314
SAS00314,Technology Type,FTTP
SAS00315,Asset ID,SAS00315
SAS00315,Access Line ID,AL000315
SAS00315,Circuit ID,CIR000315
SAS00315,Technology Type,FTTP
SAS00316,Asset ID,SAS00316
SAS00316,Access Line ID,AL000316
SAS00316,Circuit ID,CIR000316
SAS00316,Technology Type,FTTP
CSSS00317,Asset ID,SAS00317
CSSS00317,Access Line ID,AL000317
CSSS00317,Circuit ID,CIR000317
CSSS00317,Technology Type,FTTP
SAS00318,Asset ID,SAS00318
SAS00318,Access Line ID,AL000318
SAS00318,Circuit ID,CIR000318
SAS00318,Technology Type,FTTP
CSSS00319,Asset ID,SAS00319
CSSS00319,Access Line ID,AL000319
CSSS00319,Circuit ID,CIR000319
CSSS00319,Technology Type,FTTC
SAS00320,Asset ID,SAS00320
SAS00320,Access Line ID,AL000320
SAS00320,Circuit ID,CIR000320
SAS00320,Technology Type,Copper
SAS00321,Asset ID,SAS00321
SAS00321,Access Line ID,AL000321
SAS00321,Circuit ID,CIR000321
SAS00321,Technology Type,FTTP
SAS00322,Asset ID,SAS00322
SAS00322,Access Line ID,AL000322
SAS00322,Circuit ID,CIR000322
SAS00322,Technology Type,FTTP
SAS00323,Asset ID,SAS00323
SAS00323,Access Line ID,AL000323
SAS00323,Circuit ID,CIR000323
SAS00323,Technology Type,FTTP
SAS00324,Asset ID,SAS00324
SAS00324,Access Line ID,AL000324
SAS00324,Circuit ID,CIR000324
SAS00324,Technology Type,Copper
SAS00325,Asset ID,SAS00325
SAS00325,Access Line ID,AL000325
SAS00325,Circuit ID,CIR000325
SAS00325,Technology Type,Copper
SAS00326,Asset ID,SAS00326
SAS00326,Access Line ID,AL000326
SAS00326,Circuit ID,CIR000326
SAS00326,Technology Type,FTTP
SAS00327,Asset ID,SAS00327
SAS00327,Access Line ID,AL000327
SAS00327,Circuit ID,CIR000327
SAS00327,Technology Type,Copper
SAS00328,Asset ID,SAS00328
SAS00328,Access Line ID,AL000328
SAS00328,Circuit ID,CIR000328
SAS00328,Technology Type,FTTP
SAS00329,Asset ID,SAS00329
SAS00329,Access Line ID,AL000329
SAS00329,Circuit ID,CIR000329
SAS00329,Technology Type,FTTP
SAS00330,Asset ID,SAS00330
SAS00330,Access Line ID,AL000330
SAS00330,Circuit ID,CIR000330
SAS00330,Technology Type,Copper
SAS00331,Asset ID,SAS00331
SAS00331,Access Line ID,AL000331
SAS00331,Circuit ID,CIR000331
SAS00331,Technology Type,FTTP
SAS00332,Asset ID,SAS00332
SAS00332,Access Line ID,AL000332
SAS00332,Circuit ID,CIR000332
SAS00332,Technology Type,FTTC
SAS00333,Asset ID,SAS00333
SAS00333,Access Line ID,AL000333
SAS00333,Circuit ID,CIR000333
SAS00333,Technology Type,FTTP
SAS00334,Asset ID,SAS00334
SAS00334,Access Line ID,AL000334
SAS00334,Circuit ID,CIR000334
SAS00334,Technology Type,FTTP
SAS00335,Asset ID,SAS00335
SAS00335,Access Line ID,AL000335
SAS00335,Circuit ID,CIR000335
SAS00335,Technology Type,Copper
SAS00336,Asset ID,SAS00336
SAS00336,Access Line ID,AL000336
SAS00336,Circuit ID,CIR000336
SAS00336,Technology Type,FTTC
SAS00337,Asset ID,SAS00337
SAS00337,Access Line ID,AL000337
SAS00337,Circuit ID,CIR000337
SAS00337,Technology Type,FTTC
SAS00338,Asset ID,SAS00338
SAS00338,Access Line ID,AL000338
SAS00338,Circuit ID,CIR000338
SAS00338,Technology Type,FTTP
SAS00339,Asset ID,SAS00339
SAS00339,Access Line ID,AL000339
SAS00339,Circuit ID,CIR000339
SAS00339,Technology Type,Copper
SAS00340,Asset ID,SAS00340
SAS00340,Access Line ID,AL000340
SAS00340,Circuit ID,CIR000340
SAS00340,Technology Type,FTTC
SAS00341,Asset ID,SAS00341
SAS00341,Access Line ID,AL000341
SAS00341,Circuit ID,CIR000341
SAS00341,Technology Type,FTTC
SAS00342,Asset ID,SAS00342
SAS00342,Access Line ID,AL000342
SAS00342,Circuit ID,CIR000342
SAS00342,Technology Type,FTTC
SAS00343,Asset ID,SAS00343
SAS00343,Access Line ID,AL000343
SAS00343,Circuit ID,CIR000343
SAS00343,Technology Type,FTTP
CSSS00344,Asset ID,SAS00344
CSSS00344,Access Line ID,AL000344
CSSS00344,Circuit ID,CIR000344
CSSS00344,Technology Type,FTTP
CSSS00345,Asset ID,SAS00345
CSSS00345,Access Line ID,AL000345
CSSS00345,Circuit ID,CIR000345
CSSS00345,Technology Type,Copper
SAS00346,Asset ID,SAS00346
SAS00346,Access Line ID,AL000346
SAS00346,Circuit ID,CIR000346
SAS00346,Technology Type,FTTC
SAS00347,Asset ID,SAS00347
SAS00347,Access Line ID,AL000347
SAS00347,Circuit ID,CIR000347
SAS00347,Technology Type,FTTC
SAS00348,Asset ID,SAS00348
SAS00348,Access Line ID,AL000348
SAS00348,Circuit ID,CIR000348
SAS00348,Technology Type,Copper
SAS00349,Asset ID,SAS00349
SAS00349,Access Line ID,AL000349
SAS00349,Circuit ID,CIR000349
SAS00349,Technology Type,FTTP
SAS00350,Asset ID,SAS00350
SAS00350,Access Line ID,AL000350
SAS00350,Circuit ID,CIR000350
SAS00350,Technology Type,FTTC
SAS00351,Asset ID,SAS00351
SAS00351,Access Line ID,AL000351
SAS00351,Circuit ID,CIR000351
SAS00351,Technology Type,Copper
CSSS00352,Asset ID,SAS00352
CSSS00352,Access Line ID,AL000352
CSSS00352,Circuit ID,CIR000352
CSSS00352,Technology Type,Copper
SAS00353,Asset ID,SAS00353
SAS00353,Access Line ID,AL000353
SAS00353,Circuit ID,CIR000353
SAS00353,Technology Type,FTTC
SAS00354,Asset ID,SAS00354
SAS00354,Access Line ID,AL000354
SAS00354,Circuit ID,CIR000354
SAS00354,Technology Type,FTTP
CSSS00355,Asset ID,SAS00355
CSSS00355,Access Line ID,AL000355
CSSS00355,Circuit ID,CIR000355
CSSS00355,Technology Type,Copper
SAS00356,Asset ID,SAS00356
SAS00356,Access Line ID,AL000356
SAS00356,Circuit ID,CIR000356
SAS00356,Technology Type,FTTC
SAS00357,Asset ID,SAS00357
SAS00357,Access Line ID,AL000357
SAS00357,Circuit ID,CIR000357
SAS00357,Technology Type,FTTC
SAS00358,Asset ID,SAS00358
SAS00358,Access Line ID,AL000358
SAS00358,Circuit ID,CIR000358
SAS00358,Technology Type,FTTC
SAS00359,Asset ID,SAS00359
SAS00359,Access Line ID,AL000359
SAS00359,Circuit ID,CIR000359
SAS00359,Technology Type,FTTC
CSSS00360,Asset ID,SAS00360
CSSS00360,Access Line ID,AL000360
CSSS00360,Circuit ID,CIR000360
CSSS00360,Technology Type,Copper
SAS00361,Asset ID,SAS00361
SAS00361,Access Line ID,AL000361
SAS00361,Circuit ID,CIR000361
SAS00361,Technology Type,FTTC
CSSS00362,Asset ID,SAS00362
CSSS00362,Access Line ID,AL000362
CSSS00362,Circuit ID,CIR000362
CSSS00362,Technology Type,FTTC
SAS00363,Asset ID,SAS00363
SAS00363,Access Line ID,AL000363
SAS00363,Circuit ID,CIR000363
SAS00363,Technology Type,FTTC
SAS00364,Asset ID,SAS00364
SAS00364,Access Line ID,AL000364
SAS00364,Circuit ID,CIR000364
SAS00364,Technology Type,FTTC
CSSS00365,Asset ID,SAS00365
CSSS00365,Access Line ID,AL000365
CSSS00365,Circuit ID,CIR000365
CSSS00365,Technology Type,Copper
SAS00366,Asset ID,SAS00366
SAS00366,Access Line ID,AL000366
SAS00366,Circuit ID,CIR000366
SAS00366,Technology Type,FTTC
SAS00367,Asset ID,SAS00367
SAS00367,Access Line ID,AL000367
SAS00367,Circuit ID,CIR000367
SAS00367,Technology Type,FTTP
SAS00368,Asset ID,SAS00368
SAS00368,Access Line ID,AL000368
SAS00368,Circuit ID,CIR000368
SAS00368,Technology Type,FTTP
SAS00369,Asset ID,SAS00369
SAS00369,Access Line ID,AL000369
SAS00369,Circuit ID,CIR000369
SAS00369,Technology Type,FTTP
SAS00370,Asset ID,SAS00370
SAS00370,Access Line ID,AL000370
SAS00370,Circuit ID,CIR000370
SAS00370,Technology Type,FTTC
SAS00371,Asset ID,SAS00371
SAS00371,Access Line ID,AL000371
SAS00371,Circuit ID,CIR000371
SAS00371,Technology Type,Copper
SAS00372,Asset ID,SAS00372
SAS00372,Access Line ID,AL000372
SAS00372,Circuit ID,CIR000372
SAS00372,Technology Type,FTTP
SAS00373,Asset ID,SAS00373
SAS00373,Access Line ID,AL000373
SAS00373,Circuit ID,CIR000373
SAS00373,Technology Type,FTTP
SAS00374,Asset ID,SAS00374
SAS00374,Access Line ID,AL000374
SAS00374,Circuit ID,CIR000374
SAS00374,Technology Type,Copper
SAS00375,Asset ID,SAS00375
SAS00375,Access Line ID,AL000375
SAS00375,Circuit ID,CIR000375
SAS00375,Technology Type,Copper
SAS00376,Asset ID,SAS00376
SAS00376,Access Line ID,AL000376
SAS00376,Circuit ID,CIR000376
SAS00376,Technology Type,Copper
SAS00377,Asset ID,SAS00377
SAS00377,Access Line ID,AL000377
SAS00377,Circuit ID,CIR000377
SAS00377,Technology Type,Copper
CSSS00378,Asset ID,SAS00378
CSSS00378,Access Line ID,AL000378
CSSS00378,Circuit ID,CIR000378
CSSS00378,Technology Type,FTTP
SAS00379,Asset ID,SAS00379
SAS00379,Access Line ID,AL000379
SAS00379,Circuit ID,CIR000379
SAS00379,Technology Type,FTTC
SAS00380,Asset ID,SAS00380
SAS00380,Access Line ID,AL000380
SAS00380,Circuit ID,CIR000380
SAS00380,Technology Type,Copper
SAS00381,Asset ID,SAS00381
SAS00381,Access Line ID,AL000381
SAS00381,Circuit ID,CIR000381
SAS00381,Technology Type,FTTP
SAS00382,Asset ID,SAS00382
SAS00382,Access Line ID,AL000382
SAS00382,Circuit ID,CIR000382
SAS00382,Technology Type,FTTP
SAS00383,Asset ID,SAS00383
SAS00383,Access Line ID,AL000383
SAS00383,Circuit ID,CIR000383
SAS00383,Technology Type,FTTP
SAS00384,Asset ID,SAS00384
SAS00384,Access Line ID,AL000384
SAS00384,Circuit ID,CIR000384
SAS00384,Technology Type,Copper
SAS00385,Asset ID,SAS00385
SAS00385,Access Line ID,AL000385
SAS00385,Circuit ID,CIR000385
SAS00385,Technology Type,FTTC
SAS00386,Asset ID,SAS00386
SAS00386,Access Line ID,AL000386
SAS00386,Circuit ID,CIR000386
SAS00386,Technology Type,Copper
SAS00387,Asset ID,SAS00387
SAS00387,Access Line ID,AL000387
SAS00387,Circuit ID,CIR000387
SAS00387,Technology Type,Copper
SAS00388,Asset ID,SAS00388
SAS00388,Access Line ID,AL000388
SAS00388,Circuit ID,CIR000388
SAS00388,Technology Type,Copper
CSSS00389,Asset ID,SAS00389
CSSS00389,Access Line ID,AL000389
CSSS00389,Circuit ID,CIR000389
CSSS00389,Technology Type,FTTC
SAS00390,Asset ID,SAS00390
SAS00390,Access Line ID,AL000390
SAS00390,Circuit ID,CIR000390
SAS00390,Technology Type,FTTC
SAS00391,Asset ID,SAS00391
SAS00391,Access Line ID,AL000391
SAS00391,Circuit ID,CIR000391
SAS00391,Technology Type,FTTC
SAS00392,Asset ID,SAS00392
SAS00392,Access Line ID,AL000392
SAS00392,Circuit ID,CIR000392
SAS00392,Technology Type,Copper
SAS00393,Asset ID,SAS00393
SAS00393,Access Line ID,AL000393
SAS00393,Circuit ID,CIR000393
SAS00393,Technology Type,Copper
SAS00394,Asset ID,SAS00394
SAS00394,Access Line ID,AL000394
SAS00394,Circuit ID,CIR000394
SAS00394,Technology Type,Copper
SAS00395,Asset ID,SAS00395
SAS00395,Access Line ID,AL000395
SAS00395,Circuit ID,CIR000395
SAS00395,Technology Type,Copper
SAS00396,Asset ID,SAS00396
SAS00396,Access Line ID,AL000396
SAS00396,Circuit ID,CIR000396
SAS00396,Technology Type,FTTC
SAS00397,Asset ID,SAS00397
SAS00397,Access Line ID,AL000397
SAS00397,Circuit ID,CIR000397
SAS00397,Technology Type,Copper
SAS00398,Asset ID,SAS00398
SAS00398,Access Line ID,AL000398
SAS00398,Circuit ID,CIR000398
SAS00398,Technology Type,FTTP
CSSS00399,Asset ID,SAS00399
CSSS00399,Access Line ID,AL000399
CSSS00399,Circuit ID,CIR000399
CSSS00399,Technology Type,Copper
CSSS00400,Asset ID,SAS00400
CSSS00400,Access Line ID,AL000400
CSSS00400,Circuit ID,CIR000400
CSSS00400,Technology Type,FTTP
CSSS00401,Asset ID,SAS00401
CSSS00401,Access Line ID,AL000401
CSSS00401,Circuit ID,CIR000401
CSSS00401,Technology Type,Copper
SAS00402,Asset ID,SAS00402
SAS00402,Access Line ID,AL000402
SAS00402,Circuit ID,CIR000402
SAS00402,Technology Type,Copper
SAS00403,Asset ID,SAS00403
SAS00403,Access Line ID,AL000403
SAS00403,Circuit ID,CIR000403
SAS00403,Technology Type,FTTP
SAS00404,Asset ID,SAS00404
SAS00404,Access Line ID,AL000404
SAS00404,Circuit ID,CIR000404
SAS00404,Technology Type,FTTP
SAS00405,Asset ID,SAS00405
SAS00405,Access Line ID,AL000405
SAS00405,Circuit ID,CIR000405
SAS00405,Technology Type,FTTC
CSSS00406,Asset ID,SAS00406
CSSS00406,Access Line ID,AL000406
CSSS00406,Circuit ID,CIR000406
CSSS00406,Technology Type,FTTC
SAS00407,Asset ID,SAS00407
SAS00407,Access Line ID,AL000407
SAS00407,Circuit ID,CIR000407
SAS00407,Technology Type,FTTP
SAS00408,Asset ID,SAS00408
SAS00408,Access Line ID,AL000408
SAS00408,Circuit ID,CIR000408
SAS00408,Technology Type,Copper
SAS00409,Asset ID,SAS00409
SAS00409,Access Line ID,AL000409
SAS00409,Circuit ID,CIR000409
SAS00409,Technology Type,Copper
SAS00410,Asset ID,SAS00410
SAS00410,Access Line ID,AL000410
SAS00410,Circuit ID,CIR000410
SAS00410,Technology Type,FTTP
CSSS00411,Asset ID,SAS00411
CSSS00411,Access Line ID,AL000411
CSSS00411,Circuit ID,CIR000411
CSSS00411,Technology Type,Copper
SAS00412,Asset ID,SAS00412
SAS00412,Access Line ID,AL000412
SAS00412,Circuit ID,CIR000412
SAS00412,Technology Type,Copper
SAS00413,Asset ID,SAS00413
SAS00413,Access Line ID,AL000413
SAS00413,Circuit ID,CIR000413
SAS00413,Technology Type,FTTC
SAS00414,Asset ID,SAS00414
SAS00414,Access Line ID,AL000414
SAS00414,Circuit ID,CIR000414
SAS00414,Technology Type,Copper
CSSS00415,Asset ID,SAS00415
CSSS00415,Access Line ID,AL000415
CSSS00415,Circuit ID,CIR000415
CSSS00415,Technology Type,FTTP
SAS00416,Asset ID,SAS00416
SAS00416,Access Line ID,AL000416
SAS00416,Circuit ID,CIR000416
SAS00416,Technology Type,Copper
SAS00417,Asset ID,SAS00417
SAS00417,Access Line ID,AL000417
SAS00417,Circuit ID,CIR000417
SAS00417,Technology Type,FTTC
CSSS00418,Asset ID,SAS00418
CSSS00418,Access Line ID,AL000418
CSSS00418,Circuit ID,CIR000418
CSSS00418,Technology Type,FTTC
CSSS00419,Asset ID,SAS00419
CSSS00419,Access Line ID,AL000419
CSSS00419,Circuit ID,CIR000419
CSSS00419,Technology Type,FTTC
CSSS00420,Asset ID,SAS00420
CSSS00420,Access Line ID,AL000420
CSSS00420,Circuit ID,CIR000420
CSSS00420,Technology Type,Copper
SAS00421,Asset ID,SAS00421
SAS00421,Access Line ID,AL000421
SAS00421,Circuit ID,CIR000421
SAS00421,Technology Type,FTTP
SAS00422,Asset ID,SAS00422
SAS00422,Access Line ID,AL000422
SAS00422,Circuit ID,CIR000422
SAS00422,Technology Type,Copper
SAS00423,Asset ID,SAS00423
SAS00423,Access Line ID,AL000423
SAS00423,Circuit ID,CIR000423
SAS00423,Technology Type,FTTC
SAS00424,Asset ID,SAS00424
SAS00424,Access Line ID,AL000424
SAS00424,Circuit ID,CIR000424
SAS00424,Technology Type,FTTC
SAS00425,Asset ID,SAS00425
SAS00425,Access Line ID,AL000425
SAS00425,Circuit ID,CIR000425
SAS00425,Technology Type,FTTP
SAS00426,Asset ID,SAS00426
SAS00426,Access Line ID,AL000426
SAS00426,Circuit ID,CIR000426
SAS00426,Technology Type,FTTP
SAS00427,Asset ID,SAS00427
SAS00427,Access Line ID,AL000427
SAS00427,Circuit ID,CIR000427
SAS00427,Technology Type,FTTC
SAS00428,Asset ID,SAS00428
SAS00428,Access Line ID,AL000428
SAS00428,Circuit ID,CIR000428
SAS00428,Technology Type,Copper
SAS00429,Asset ID,SAS00429
SAS00429,Access Line ID,AL000429
SAS00429,Circuit ID,CIR000429
SAS00429,Technology Type,Copper
SAS00430,Asset ID,SAS00430
SAS00430,Access Line ID,AL000430
SAS00430,Circuit ID,CIR000430
SAS00430,Technology Type,FTTP
SAS00431,Asset ID,SAS00431
SAS00431,Access Line ID,AL000431
SAS00431,Circuit ID,CIR000431
SAS00431,Technology Type,FTTC
SAS00432,Asset ID,SAS00432
SAS00432,Access Line ID,AL000432
SAS00432,Circuit ID,CIR000432
SAS00432,Technology Type,FTTP
CSSS00433,Asset ID,SAS00433
CSSS00433,Access Line ID,AL000433
CSSS00433,Circuit ID,CIR000433
CSSS00433,Technology Type,FTTC
SAS00434,Asset ID,SAS00434
SAS00434,Access Line ID,AL000434
SAS00434,Circuit ID,CIR000434
SAS00434,Technology Type,Copper
SAS00435,Asset ID,SAS00435
SAS00435,Access Line ID,AL000435
SAS00435,Circuit ID,CIR000435
SAS00435,Technology Type,Copper
SAS00436,Asset ID,SAS00436
SAS00436,Access Line ID,AL000436
SAS00436,Circuit ID,CIR000436
SAS00436,Technology Type,FTTP
SAS00437,Asset ID,SAS00437
SAS00437,Access Line ID,AL000437
SAS00437,Circuit ID,CIR000437
SAS00437,Technology Type,FTTC
SAS00438,Asset ID,SAS00438
SAS00438,Access Line ID,AL000438
SAS00438,Circuit ID,CIR000438
SAS00438,Technology Type,Copper
SAS00439,Asset ID,SAS00439
SAS00439,Access Line ID,AL000439
SAS00439,Circuit ID,CIR000439
SAS00439,Technology Type,Copper
SAS00440,Asset ID,SAS00440
SAS00440,Access Line ID,AL000440
SAS00440,Circuit ID,CIR000440
SAS00440,Technology Type,Copper
SAS00441,Asset ID,SAS00441
SAS00441,Access Line ID,AL000441
SAS00441,Circuit ID,CIR000441
SAS00441,Technology Type,FTTP
SAS00442,Asset ID,SAS00442
SAS00442,Access Line ID,AL000442
SAS00442,Circuit ID,CIR000442
SAS00442,Technology Type,FTTC
SAS00443,Asset ID,SAS00443
SAS00443,Access Line ID,AL000443
SAS00443,Circuit ID,CIR000443
SAS00443,Technology Type,Copper
SAS00444,Asset ID,SAS00444
SAS00444,Access Line ID,AL000444
SAS00444,Circuit ID,CIR000444
SAS00444,Technology Type,Copper
SAS00445,Asset ID,SAS00445
SAS00445,Access Line ID,AL000445
SAS00445,Circuit ID,CIR000445
SAS00445,Technology Type,Copper
SAS00446,Asset ID,SAS00446
SAS00446,Access Line ID,AL000446
SAS00446,Circuit ID,CIR000446
SAS00446,Technology Type,Copper
SAS00447,Asset ID,SAS00447
SAS00447,Access Line ID,AL000447
SAS00447,Circuit ID,CIR000447
SAS00447,Technology Type,FTTC
SAS00448,Asset ID,SAS00448
SAS00448,Access Line ID,AL000448
SAS00448,Circuit ID,CIR000448
SAS00448,Technology Type,Copper
CSSS00449,Asset ID,SAS00449
CSSS00449,Access Line ID,AL000449
CSSS00449,Circuit ID,CIR000449
CSSS00449,Technology Type,FTTC
SAS00450,Asset ID,SAS00450
SAS00450,Access Line ID,AL000450
SAS00450,Circuit ID,CIR000450
SAS00450,Technology Type,FTTP
SAS00451,Asset ID,SAS00451
SAS00451,Access Line ID,AL000451
SAS00451,Circuit ID,CIR000451
SAS00451,Technology Type,FTTP
SAS00452,Asset ID,SAS00452
SAS00452,Access Line ID,AL000452
SAS00452,Circuit ID,CIR000452
SAS00452,Technology Type,Copper
SAS00453,Asset ID,SAS00453
SAS00453,Access Line ID,AL000453
SAS00453,Circuit ID,CIR000453
SAS00453,Technology Type,FTTP
SAS00454,Asset ID,SAS00454
SAS00454,Access Line ID,AL000454
SAS00454,Circuit ID,CIR000454
SAS00454,Technology Type,Copper
SAS00455,Asset ID,SAS00455
SAS00455,Access Line ID,AL000455
SAS00455,Circuit ID,CIR000455
SAS00455,Technology Type,FTTC
SAS00456,Asset ID,SAS00456
SAS00456,Access Line ID,AL000456
SAS00456,Circuit ID,CIR000456
SAS00456,Technology Type,FTTC
CSSS00457,Asset ID,SAS00457
CSSS00457,Access Line ID,AL000457
CSSS00457,Circuit ID,CIR000457
CSSS00457,Technology Type,Copper
SAS00458,Asset ID,SAS00458
SAS00458,Access Line ID,AL000458
SAS00458,Circuit ID,CIR000458
SAS00458,Technology Type,FTTC
SAS00459,Asset ID,SAS00459
SAS00459,Access Line ID,AL000459
SAS00459,Circuit ID,CIR000459
SAS00459,Technology Type,FTTC
CSSS00460,Asset ID,SAS00460
CSSS00460,Access Line ID,AL000460
CSSS00460,Circuit ID,CIR000460
CSSS00460,Technology Type,FTTC
SAS00461,Asset ID,SAS00461
SAS00461,Access Line ID,AL000461
SAS00461,Circuit ID,CIR000461
SAS00461,Technology Type,FTTC
SAS00462,Asset ID,SAS00462
SAS00462,Access Line ID,AL000462
SAS00462,Circuit ID,CIR000462
SAS00462,Technology Type,FTTP
SAS00463,Asset ID,SAS00463
SAS00463,Access Line ID,AL000463
SAS00463,Circuit ID,CIR000463
SAS00463,Technology Type,Copper
SAS00464,Asset ID,SAS00464
SAS00464,Access Line ID,AL000464
SAS00464,Circuit ID,CIR000464
SAS00464,Technology Type,FTTC
CSSS00465,Asset ID,SAS00465
CSSS00465,Access Line ID,AL000465
CSSS00465,Circuit ID,CIR000465
CSSS00465,Technology Type,FTTP
SAS00466,Asset ID,SAS00466
SAS00466,Access Line ID,AL000466
SAS00466,Circuit ID,CIR000466
SAS00466,Technology Type,FTTP
CSSS00467,Asset ID,SAS00467
CSSS00467,Access Line ID,AL000467
CSSS00467,Circuit ID,CIR000467
CSSS00467,Technology Type,FTTC
SAS00468,Asset ID,SAS00468
SAS00468,Access Line ID,AL000468
SAS00468,Circuit ID,CIR000468
SAS00468,Technology Type,FTTP
SAS00469,Asset ID,SAS00469
SAS00469,Access Line ID,AL000469
SAS00469,Circuit ID,CIR000469
SAS00469,Technology Type,Copper
SAS00470,Asset ID,SAS00470
SAS00470,Access Line ID,AL000470
SAS00470,Circuit ID,CIR000470
SAS00470,Technology Type,FTTC
SAS00471,Asset ID,SAS00471
SAS00471,Access Line ID,AL000471
SAS00471,Circuit ID,CIR000471
SAS00471,Technology Type,FTTC
SAS00472,Asset ID,SAS00472
SAS00472,Access Line ID,AL000472
SAS00472,Circuit ID,CIR000472
SAS00472,Technology Type,FTTC
SAS00473,Asset ID,SAS00473
SAS00473,Access Line ID,AL000473
SAS00473,Circuit ID,CIR000473
SAS00473,Technology Type,Copper
SAS00474,Asset ID,SAS00474
SAS00474,Access Line ID,AL000474
SAS00474,Circuit ID,CIR000474
SAS00474,Technology Type,FTTP
SAS00475,Asset ID,SAS00475
SAS00475,Access Line ID,AL000475
SAS00475,Circuit ID,CIR000475
SAS00475,Technology Type,FTTP
SAS00476,Asset ID,SAS00476
SAS00476,Access Line ID,AL000476
SAS00476,Circuit ID,CIR000476
SAS00476,Technology Type,FTTP
SAS00477,Asset ID,SAS00477
SAS00477,Access Line ID,AL000477
SAS00477,Circuit ID,CIR000477
SAS00477,Technology Type,FTTC
SAS00478,Asset ID,SAS00478
SAS00478,Access Line ID,AL000478
SAS00478,Circuit ID,CIR000478
SAS00478,Technology Type,FTTP
CSSS00479,Asset ID,SAS00479
CSSS00479,Access Line ID,AL000479
CSSS00479,Circuit ID,CIR000479
CSSS00479,Technology Type,Copper
SAS00480,Asset ID,SAS00480
SAS00480,Access Line ID,AL000480
SAS00480,Circuit ID,CIR000480
SAS00480,Technology Type,FTTP
CSSS00481,Asset ID,SAS00481
CSSS00481,Access Line ID,AL000481
CSSS00481,Circuit ID,CIR000481
CSSS00481,Technology Type,FTTC
CSSS00482,Asset ID,SAS00482
CSSS00482,Access Line ID,AL000482
CSSS00482,Circuit ID,CIR000482
CSSS00482,Technology Type,FTTC
SAS00483,Asset ID,SAS00483
SAS00483,Access Line ID,AL000483
SAS00483,Circuit ID,CIR000483
SAS00483,Technology Type,FTTC
SAS00484,Asset ID,SAS00484
SAS00484,Access Line ID,AL000484
SAS00484,Circuit ID,CIR000484
SAS00484,Technology Type,FTTP
SAS00485,Asset ID,SAS00485
SAS00485,Access Line ID,AL000485
SAS00485,Circuit ID,CIR000485
SAS00485,Technology Type,FTTP
SAS00486,Asset ID,SAS00486
SAS00486,Access Line ID,AL000486
SAS00486,Circuit ID,CIR000486
SAS00486,Technology Type,FTTP
SAS00487,Asset ID,SAS00487
SAS00487,Access Line ID,AL000487
SAS00487,Circuit ID,CIR000487
SAS00487,Technology Type,Copper
SAS00488,Asset ID,SAS00488
SAS00488,Access Line ID,AL000488
SAS00488,Circuit ID,CIR000488
SAS00488,Technology Type,FTTC
SAS00489,Asset ID,SAS00489
SAS00489,Access Line ID,AL000489
SAS00489,Circuit ID,CIR000489
SAS00489,Technology Type,Copper
SAS00490,Asset ID,SAS00490
SAS00490,Access Line ID,AL000490
SAS00490,Circuit ID,CIR000490
SAS00490,Technology Type,Copper
SAS00491,Asset ID,SAS00491
SAS00491,Access Line ID,AL000491
SAS00491,Circuit ID,CIR000491
SAS00491,Technology Type,Copper
SAS00492,Asset ID,SAS00492
SAS00492,Access Line ID,AL000492
SAS00492,Circuit ID,CIR000492
SAS00492,Technology Type,Copper
SAS00493,Asset ID,SAS00493
SAS00493,Access Line ID,AL000493
SAS00493,Circuit ID,CIR000493
SAS00493,Technology Type,Copper
SAS00494,Asset ID,SAS00494
SAS00494,Access Line ID,AL000494
SAS00494,Circuit ID,CIR000494
SAS00494,Technology Type,FTTP
SAS00495,Asset ID,SAS00495
SAS00495,Access Line ID,AL000495
SAS00495,Circuit ID,CIR000495
SAS00495,Technology Type,Copper
SAS00496,Asset ID,SAS00496
SAS00496,Access Line ID,AL000496
SAS00496,Circuit ID,CIR000496
SAS00496,Technology Type,Copper
SAS00497,Asset ID,SAS00497
SAS00497,Access Line ID,AL000497
SAS00497,Circuit ID,CIR000497
SAS00497,Technology Type,FTTC
CSSS00498,Asset ID,SAS00498
CSSS00498,Access Line ID,AL000498
CSSS00498,Circuit ID,CIR000498
CSSS00498,Technology Type,Copper
SAS00499,Asset ID,SAS00499
SAS00499,Access Line ID,AL000499
SAS00499,Circuit ID,CIR000499
SAS00499,Technology Type,FTTC
SAS00500,Asset ID,SAS00500
SAS00500,Access Line ID,AL000500
SAS00500,Circuit ID,CIR000500
SAS00500,Technology Type,Copper
SAS00501,Asset ID,SAS00501
SAS00501,Access Line ID,AL000501
SAS00501,Circuit ID,CIR000501
SAS00501,Technology Type,FTTC
SAS00502,Asset ID,SAS00502
SAS00502,Access Line ID,AL000502
SAS00502,Circuit ID,CIR000502
SAS00502,Technology Type,FTTP
SAS00503,Asset ID,SAS00503
SAS00503,Access Line ID,AL000503
SAS00503,Circuit ID,CIR000503
SAS00503,Technology Type,FTTC
SAS00504,Asset ID,SAS00504
SAS00504,Access Line ID,AL000504
SAS00504,Circuit ID,CIR000504
SAS00504,Technology Type,Copper
SAS00505,Asset ID,SAS00505
SAS00505,Access Line ID,AL000505
SAS00505,Circuit ID,CIR000505
SAS00505,Technology Type,Copper
SAS00506,Asset ID,SAS00506
SAS00506,Access Line ID,AL000506
SAS00506,Circuit ID,CIR000506
SAS00506,Technology Type,FTTC
CSSS00507,Asset ID,SAS00507
CSSS00507,Access Line ID,AL000507
CSSS00507,Circuit ID,CIR000507
CSSS00507,Technology Type,FTTP
SAS00508,Asset ID,SAS00508
SAS00508,Access Line ID,AL000508
SAS00508,Circuit ID,CIR000508
SAS00508,Technology Type,Copper
SAS00509,Asset ID,SAS00509
SAS00509,Access Line ID,AL000509
SAS00509,Circuit ID,CIR000509
SAS00509,Technology Type,FTTP
SAS00510,Asset ID,SAS00510
SAS00510,Access Line ID,AL000510
SAS00510,Circuit ID,CIR000510
SAS00510,Technology Type,Copper
CSSS00511,Asset ID,SAS00511
CSSS00511,Access Line ID,AL000511
CSSS00511,Circuit ID,CIR000511
CSSS00511,Technology Type,FTTP
SAS00512,Asset ID,SAS00512
SAS00512,Access Line ID,AL000512
SAS00512,Circuit ID,CIR000512
SAS00512,Technology Type,FTTP
SAS00513,Asset ID,SAS00513
SAS00513,Access Line ID,AL000513
SAS00513,Circuit ID,CIR000513
SAS00513,Technology Type,FTTC
CSSS00514,Asset ID,SAS00514
CSSS00514,Access Line ID,AL000514
CSSS00514,Circuit ID,CIR000514
CSSS00514,Technology Type,FTTC
SAS00515,Asset ID,SAS00515
SAS00515,Access Line ID,AL000515
SAS00515,Circuit ID,CIR000515
SAS00515,Technology Type,Copper
SAS00516,Asset ID,SAS00516
SAS00516,Access Line ID,AL000516
SAS00516,Circuit ID,CIR000516
SAS00516,Technology Type,Copper
SAS00517,Asset ID,SAS00517
SAS00517,Access Line ID,AL000517
SAS00517,Circuit ID,CIR000517
SAS00517,Technology Type,FTTC
SAS00518,Asset ID,SAS00518
SAS00518,Access Line ID,AL000518
SAS00518,Circuit ID,CIR000518
SAS00518,Technology Type,FTTC
SAS00519,Asset ID,SAS00519
SAS00519,Access Line ID,AL000519
SAS00519,Circuit ID,CIR000519
SAS00519,Technology Type,Copper
SAS00520,Asset ID,SAS00520
SAS00520,Access Line ID,AL000520
SAS00520,Circuit ID,CIR000520
SAS00520,Technology Type,Copper
SAS00521,Asset ID,SAS00521
SAS00521,Access Line ID,AL000521
SAS00521,Circuit ID,CIR000521
SAS00521,Technology Type,FTTP
CSSS00522,Asset ID,SAS00522
CSSS00522,Access Line ID,AL000522
CSSS00522,Circuit ID,CIR000522
CSSS00522,Technology Type,FTTP
SAS00523,Asset ID,SAS00523
SAS00523,Access Line ID,AL000523
SAS00523,Circuit ID,CIR000523
SAS00523,Technology Type,Copper
SAS00524,Asset ID,SAS00524
SAS00524,Access Line ID,AL000524
SAS00524,Circuit ID,CIR000524
SAS00524,Technology Type,FTTP
SAS00525,Asset ID,SAS00525
SAS00525,Access Line ID,AL000525
SAS00525,Circuit ID,CIR000525
SAS00525,Technology Type,FTTC
SAS00526,Asset ID,SAS00526
SAS00526,Access Line ID,AL000526
SAS00526,Circuit ID,CIR000526
SAS00526,Technology Type,FTTC
SAS00527,Asset ID,SAS00527
SAS00527,Access Line ID,AL000527
SAS00527,Circuit ID,CIR000527
SAS00527,Technology Type,FTTP
SAS00528,Asset ID,SAS00528
SAS00528,Access Line ID,AL000528
SAS00528,Circuit ID,CIR000528
SAS00528,Technology Type,FTTP
SAS00529,Asset ID,SAS00529
SAS00529,Access Line ID,AL000529
SAS00529,Circuit ID,CIR000529
SAS00529,Technology Type,FTTC
SAS00530,Asset ID,SAS00530
SAS00530,Access Line ID,AL000530
SAS00530,Circuit ID,CIR000530
SAS00530,Technology Type,FTTP
CSSS00531,Asset ID,SAS00531
CSSS00531,Access Line ID,AL000531
CSSS00531,Circuit ID,CIR000531
CSSS00531,Technology Type,FTTP
SAS00532,Asset ID,SAS00532
SAS00532,Access Line ID,AL000532
SAS00532,Circuit ID,CIR000532
SAS00532,Technology Type,FTTP
SAS00533,Asset ID,SAS00533
SAS00533,Access Line ID,AL000533
SAS00533,Circuit ID,CIR000533
SAS00533,Technology Type,FTTC
SAS00534,Asset ID,SAS00534
SAS00534,Access Line ID,AL000534
SAS00534,Circuit ID,CIR000534
SAS00534,Technology Type,Copper
SAS00535,Asset ID,SAS00535
SAS00535,Access Line ID,AL000535
SAS00535,Circuit ID,CIR000535
SAS00535,Technology Type,FTTP
SAS00536,Asset ID,SAS00536
SAS00536,Access Line ID,AL000536
SAS00536,Circuit ID,CIR000536
SAS00536,Technology Type,Copper
SAS00537,Asset ID,SAS00537
SAS00537,Access Line ID,AL000537
SAS00537,Circuit ID,CIR000537
SAS00537,Technology Type,FTTP
CSSS00538,Asset ID,SAS00538
CSSS00538,Access Line ID,AL000538
CSSS00538,Circuit ID,CIR000538
CSSS00538,Technology Type,FTTC
SAS00539,Asset ID,SAS00539
SAS00539,Access Line ID,AL000539
SAS00539,Circuit ID,CIR000539
SAS00539,Technology Type,FTTC
SAS00540,Asset ID,SAS00540
SAS00540,Access Line ID,AL000540
SAS00540,Circuit ID,CIR000540
SAS00540,Technology Type,FTTC
CSSS00541,Asset ID,SAS00541
CSSS00541,Access Line ID,AL000541
CSSS00541,Circuit ID,CIR000541
CSSS00541,Technology Type,Copper
SAS00542,Asset ID,SAS00542
SAS00542,Access Line ID,AL000542
SAS00542,Circuit ID,CIR000542
SAS00542,Technology Type,FTTP
CSSS00543,Asset ID,SAS00543
CSSS00543,Access Line ID,AL000543
CSSS00543,Circuit ID,CIR000543
CSSS00543,Technology Type,FTTP
SAS00544,Asset ID,SAS00544
SAS00544,Access Line ID,AL000544
SAS00544,Circuit ID,CIR000544
SAS00544,Technology Type,FTTC
SAS00545,Asset ID,SAS00545
SAS00545,Access Line ID,AL000545
SAS00545,Circuit ID,CIR000545
SAS00545,Technology Type,FTTC
SAS00546,Asset ID,SAS00546
SAS00546,Access Line ID,AL000546
SAS00546,Circuit ID,CIR000546
SAS00546,Technology Type,FTTP
SAS00547,Asset ID,SAS00547
SAS00547,Access Line ID,AL000547
SAS00547,Circuit ID,CIR000547
SAS00547,Technology Type,FTTC
SAS00548,Asset ID,SAS00548
SAS00548,Access Line ID,AL000548
SAS00548,Circuit ID,CIR000548
SAS00548,Technology Type,Copper
SAS00549,Asset ID,SAS00549
SAS00549,Access Line ID,AL000549
SAS00549,Circuit ID,CIR000549
SAS00549,Technology Type,FTTC
SAS00550,Asset ID,SAS00550
SAS00550,Access Line ID,AL000550
SAS00550,Circuit ID,CIR000550
SAS00550,Technology Type,Copper
SAS00551,Asset ID,SAS00551
SAS00551,Access Line ID,AL000551
SAS00551,Circuit ID,CIR000551
SAS00551,Technology Type,Copper
SAS00552,Asset ID,SAS00552
SAS00552,Access Line ID,AL000552
SAS00552,Circuit ID,CIR000552
SAS00552,Technology Type,FTTP
CSSS00553,Asset ID,SAS00553
CSSS00553,Access Line ID,AL000553
CSSS00553,Circuit ID,CIR000553
CSSS00553,Technology Type,FTTP
SAS00554,Asset ID,SAS00554
SAS00554,Access Line ID,AL000554
SAS00554,Circuit ID,CIR000554
SAS00554,Technology Type,Copper
SAS00555,Asset ID,SAS00555
SAS00555,Access Line ID,AL000555
SAS00555,Circuit ID,CIR000555
SAS00555,Technology Type,Copper
SAS00556,Asset ID,SAS00556
SAS00556,Access Line ID,AL000556
SAS00556,Circuit ID,CIR000556
SAS00556,Technology Type,FTTP
SAS00557,Asset ID,SAS00557
SAS00557,Access Line ID,AL000557
SAS00557,Circuit ID,CIR000557
SAS00557,Technology Type,FTTC
SAS00558,Asset ID,SAS00558
SAS00558,Access Line ID,AL000558
SAS00558,Circuit ID,CIR000558
SAS00558,Technology Type,Copper
SAS00559,Asset ID,SAS00559
SAS00559,Access Line ID,AL000559
SAS00559,Circuit ID,CIR000559
SAS00559,Technology Type,FTTC
SAS00560,Asset ID,SAS00560
SAS00560,Access Line ID,AL000560
SAS00560,Circuit ID,CIR000560
SAS00560,Technology Type,Copper
SAS00561,Asset ID,SAS00561
SAS00561,Access Line ID,AL000561
SAS00561,Circuit ID,CIR000561
SAS00561,Technology Type,FTTC
SAS00562,Asset ID,SAS00562
SAS00562,Access Line ID,AL000562
SAS00562,Circuit ID,CIR000562
SAS00562,Technology Type,FTTP
SAS00563,Asset ID,SAS00563
SAS00563,Access Line ID,AL000563
SAS00563,Circuit ID,CIR000563
SAS00563,Technology Type,FTTC
SAS00564,Asset ID,SAS00564
SAS00564,Access Line ID,AL000564
SAS00564,Circuit ID,CIR000564
SAS00564,Technology Type,FTTC
SAS00565,Asset ID,SAS00565
SAS00565,Access Line ID,AL000565
SAS00565,Circuit ID,CIR000565
SAS00565,Technology Type,FTTC
SAS00566,Asset ID,SAS00566
SAS00566,Access Line ID,AL000566
SAS00566,Circuit ID,CIR000566
SAS00566,Technology Type,FTTP
CSSS00567,Asset ID,SAS00567
CSSS00567,Access Line ID,AL000567
CSSS00567,Circuit ID,CIR000567
CSSS00567,Technology Type,FTTC
SAS00568,Asset ID,SAS00568
SAS00568,Access Line ID,AL000568
SAS00568,Circuit ID,CIR000568
SAS00568,Technology Type,FTTP
SAS00569,Asset ID,SAS00569
SAS00569,Access Line ID,AL000569
SAS00569,Circuit ID,CIR000569
SAS00569,Technology Type,FTTP
SAS00570,Asset ID,SAS00570
SAS00570,Access Line ID,AL000570
SAS00570,Circuit ID,CIR000570
SAS00570,Technology Type,FTTP
SAS00571,Asset ID,SAS00571
SAS00571,Access Line ID,AL000571
SAS00571,Circuit ID,CIR000571
SAS00571,Technology Type,FTTC
SAS00572,Asset ID,SAS00572
SAS00572,Access Line ID,AL000572
SAS00572,Circuit ID,CIR000572
SAS00572,Technology Type,FTTP
SAS00573,Asset ID,SAS00573
SAS00573,Access Line ID,AL000573
SAS00573,Circuit ID,CIR000573
SAS00573,Technology Type,FTTC
SAS00574,Asset ID,SAS00574
SAS00574,Access Line ID,AL000574
SAS00574,Circuit ID,CIR000574
SAS00574,Technology Type,FTTC
CSSS00575,Asset ID,SAS00575
CSSS00575,Access Line ID,AL000575
CSSS00575,Circuit ID,CIR000575
CSSS00575,Technology Type,FTTP
SAS00576,Asset ID,SAS00576
SAS00576,Access Line ID,AL000576
SAS00576,Circuit ID,CIR000576
SAS00576,Technology Type,FTTC
CSSS00577,Asset ID,SAS00577
CSSS00577,Access Line ID,AL000577
CSSS00577,Circuit ID,CIR000577
CSSS00577,Technology Type,Copper
CSSS00578,Asset ID,SAS00578
CSSS00578,Access Line ID,AL000578
CSSS00578,Circuit ID,CIR000578
CSSS00578,Technology Type,FTTC
SAS00579,Asset ID,SAS00579
SAS00579,Access Line ID,AL000579
SAS00579,Circuit ID,CIR000579
SAS00579,Technology Type,Copper
SAS00580,Asset ID,SAS00580
SAS00580,Access Line ID,AL000580
SAS00580,Circuit ID,CIR000580
SAS00580,Technology Type,FTTC
SAS00581,Asset ID,SAS00581
SAS00581,Access Line ID,AL000581
SAS00581,Circuit ID,CIR000581
SAS00581,Technology Type,Copper
SAS00582,Asset ID,SAS00582
SAS00582,Access Line ID,AL000582
SAS00582,Circuit ID,CIR000582
SAS00582,Technology Type,Copper
SAS00583,Asset ID,SAS00583
SAS00583,Access Line ID,AL000583
SAS00583,Circuit ID,CIR000583
SAS00583,Technology Type,Copper
SAS00584,Asset ID,SAS00584
SAS00584,Access Line ID,AL000584
SAS00584,Circuit ID,CIR000584
SAS00584,Technology Type,Copper
CSSS00585,Asset ID,SAS00585
CSSS00585,Access Line ID,AL000585
CSSS00585,Circuit ID,CIR000585
CSSS00585,Technology Type,FTTP
SAS00586,Asset ID,SAS00586
SAS00586,Access Line ID,AL000586
SAS00586,Circuit ID,CIR000586
SAS00586,Technology Type,FTTC
SAS00587,Asset ID,SAS00587
SAS00587,Access Line ID,AL000587
SAS00587,Circuit ID,CIR000587
SAS00587,Technology Type,FTTC
SAS00588,Asset ID,SAS00588
SAS00588,Access Line ID,AL000588
SAS00588,Circuit ID,CIR000588
SAS00588,Technology Type,Copper
SAS00589,Asset ID,SAS00589
SAS00589,Access Line ID,AL000589
SAS00589,Circuit ID,CIR000589
SAS00589,Technology Type,FTTP
SAS00590,Asset ID,SAS00590
SAS00590,Access Line ID,AL000590
SAS00590,Circuit ID,CIR000590
SAS00590,Technology Type,FTTP
SAS00591,Asset ID,SAS00591
SAS00591,Access Line ID,AL000591
SAS00591,Circuit ID,CIR000591
SAS00591,Technology Type,FTTC
SAS00592,Asset ID,SAS00592
SAS00592,Access Line ID,AL000592
SAS00592,Circuit ID,CIR000592
SAS00592,Technology Type,FTTC
SAS00593,Asset ID,SAS00593
SAS00593,Access Line ID,AL000593
SAS00593,Circuit ID,CIR000593
SAS00593,Technology Type,FTTP
SAS00594,Asset ID,SAS00594
SAS00594,Access Line ID,AL000594
SAS00594,Circuit ID,CIR000594
SAS00594,Technology Type,Copper
SAS00595,Asset ID,SAS00595
SAS00595,Access Line ID,AL000595
SAS00595,Circuit ID,CIR000595
SAS00595,Technology Type,FTTC
SAS00596,Asset ID,SAS00596
SAS00596,Access Line ID,AL000596
SAS00596,Circuit ID,CIR000596
SAS00596,Technology Type,FTTP
SAS00597,Asset ID,SAS00597
SAS00597,Access Line ID,AL000597
SAS00597,Circuit ID,CIR000597
SAS00597,Technology Type,FTTC
SAS00598,Asset ID,SAS00598
SAS00598,Access Line ID,AL000598
SAS00598,Circuit ID,CIR000598
SAS00598,Technology Type,Copper
SAS00599,Asset ID,SAS00599
SAS00599,Access Line ID,AL000599
SAS00599,Circuit ID,CIR000599
SAS00599,Technology Type,FTTC
SAS00600,Asset ID,SAS00600
SAS00600,Access Line ID,AL000600
SAS00600,Circuit ID,CIR000600
SAS00600,Technology Type,Copper
SAS00601,Asset ID,SAS00601
SAS00601,Access Line ID,AL000601
SAS00601,Circuit ID,CIR000601
SAS00601,Technology Type,FTTP
SAS00602,Asset ID,SAS00602
SAS00602,Access Line ID,AL000602
SAS00602,Circuit ID,CIR000602
SAS00602,Technology Type,FTTC
SAS00603,Asset ID,SAS00603
SAS00603,Access Line ID,AL000603
SAS00603,Circuit ID,CIR000603
SAS00603,Technology Type,Copper
SAS00604,Asset ID,SAS00604
SAS00604,Access Line ID,AL000604
SAS00604,Circuit ID,CIR000604
SAS00604,Technology Type,FTTP
SAS00605,Asset ID,SAS00605
SAS00605,Access Line ID,AL000605
SAS00605,Circuit ID,CIR000605
SAS00605,Technology Type,Copper
SAS00606,Asset ID,SAS00606
SAS00606,Access Line ID,AL000606
SAS00606,Circuit ID,CIR000606
SAS00606,Technology Type,FTTP
SAS00607,Asset ID,SAS00607
SAS00607,Access Line ID,AL000607
SAS00607,Circuit ID,CIR000607
SAS00607,Technology Type,FTTC
SAS00608,Asset ID,SAS00608
SAS00608,Access Line ID,AL000608
SAS00608,Circuit ID,CIR000608
SAS00608,Technology Type,FTTC
SAS00609,Asset ID,SAS00609
SAS00609,Access Line ID,AL000609
SAS00609,Circuit ID,CIR000609
SAS00609,Technology Type,Copper
SAS00610,Asset ID,SAS00610
SAS00610,Access Line ID,AL000610
SAS00610,Circuit ID,CIR000610
SAS00610,Technology Type,FTTP
SAS00611,Asset ID,SAS00611
SAS00611,Access Line ID,AL000611
SAS00611,Circuit ID,CIR000611
SAS00611,Technology Type,FTTP
SAS00612,Asset ID,SAS00612
SAS00612,Access Line ID,AL000612
SAS00612,Circuit ID,CIR000612
SAS00612,Technology Type,FTTC
SAS00613,Asset ID,SAS00613
SAS00613,Access Line ID,AL000613
SAS00613,Circuit ID,CIR000613
SAS00613,Technology Type,Copper
CSSS00614,Asset ID,SAS00614
CSSS00614,Access Line ID,AL000614
CSSS00614,Circuit ID,CIR000614
CSSS00614,Technology Type,Copper
SAS00615,Asset ID,SAS00615
SAS00615,Access Line ID,AL000615
SAS00615,Circuit ID,CIR000615
SAS00615,Technology Type,FTTP
SAS00616,Asset ID,SAS00616
SAS00616,Access Line ID,AL000616
SAS00616,Circuit ID,CIR000616
SAS00616,Technology Type,FTTC
SAS00617,Asset ID,SAS00617
SAS00617,Access Line ID,AL000617
SAS00617,Circuit ID,CIR000617
SAS00617,Technology Type,Copper
SAS00618,Asset ID,SAS00618
SAS00618,Access Line ID,AL000618
SAS00618,Circuit ID,CIR000618
SAS00618,Technology Type,FTTC
SAS00619,Asset ID,SAS00619
SAS00619,Access Line ID,AL000619
SAS00619,Circuit ID,CIR000619
SAS00619,Technology Type,FTTC
SAS00620,Asset ID,SAS00620
SAS00620,Access Line ID,AL000620
SAS00620,Circuit ID,CIR000620
SAS00620,Technology Type,FTTC
SAS00621,Asset ID,SAS00621
SAS00621,Access Line ID,AL000621
SAS00621,Circuit ID,CIR000621
SAS00621,Technology Type,FTTC
SAS00622,Asset ID,SAS00622
SAS00622,Access Line ID,AL000622
SAS00622,Circuit ID,CIR000622
SAS00622,Technology Type,Copper
CSSS00623,Asset ID,SAS00623
CSSS00623,Access Line ID,AL000623
CSSS00623,Circuit ID,CIR000623
CSSS00623,Technology Type,Copper
SAS00624,Asset ID,SAS00624
SAS00624,Access Line ID,AL000624
SAS00624,Circuit ID,CIR000624
SAS00624,Technology Type,FTTP
SAS00625,Asset ID,SAS00625
SAS00625,Access Line ID,AL000625
SAS00625,Circuit ID,CIR000625
SAS00625,Technology Type,Copper
SAS00626,Asset ID,SAS00626
SAS00626,Access Line ID,AL000626
SAS00626,Circuit ID,CIR000626
SAS00626,Technology Type,FTTP
SAS00627,Asset ID,SAS00627
SAS00627,Access Line ID,AL000627
SAS00627,Circuit ID,CIR000627
SAS00627,Technology Type,Copper
SAS00628,Asset ID,SAS00628
SAS00628,Access Line ID,AL000628
SAS00628,Circuit ID,CIR000628
SAS00628,Technology Type,FTTC
SAS00629,Asset ID,SAS00629
SAS00629,Access Line ID,AL000629
SAS00629,Circuit ID,CIR000629
SAS00629,Technology Type,Copper
SAS00630,Asset ID,SAS00630
SAS00630,Access Line ID,AL000630
SAS00630,Circuit ID,CIR000630
SAS00630,Technology Type,Copper
SAS00631,Asset ID,SAS00631
SAS00631,Access Line ID,AL000631
SAS00631,Circuit ID,CIR000631
SAS00631,Technology Type,FTTC
SAS00632,Asset ID,SAS00632
SAS00632,Access Line ID,AL000632
SAS00632,Circuit ID,CIR000632
SAS00632,Technology Type,Copper
SAS00633,Asset ID,SAS00633
SAS00633,Access Line ID,AL000633
SAS00633,Circuit ID,CIR000633
SAS00633,Technology Type,FTTP
CSSS00634,Asset ID,SAS00634
CSSS00634,Access Line ID,AL000634
CSSS00634,Circuit ID,CIR000634
CSSS00634,Technology Type,Copper
SAS00635,Asset ID,SAS00635
SAS00635,Access Line ID,AL000635
SAS00635,Circuit ID,CIR000635
SAS00635,Technology Type,FTTC
SAS00636,Asset ID,SAS00636
SAS00636,Access Line ID,AL000636
SAS00636,Circuit ID,CIR000636
SAS00636,Technology Type,FTTC
SAS00637,Asset ID,SAS00637
SAS00637,Access Line ID,AL000637
SAS00637,Circuit ID,CIR000637
SAS00637,Technology Type,FTTP
SAS00638,Asset ID,SAS00638
SAS00638,Access Line ID,AL000638
SAS00638,Circuit ID,CIR000638
SAS00638,Technology Type,Copper
SAS00639,Asset ID,SAS00639
SAS00639,Access Line ID,AL000639
SAS00639,Circuit ID,CIR000639
SAS00639,Technology Type,FTTC
SAS00640,Asset ID,SAS00640
SAS00640,Access Line ID,AL000640
SAS00640,Circuit ID,CIR000640
SAS00640,Technology Type,FTTC
SAS00641,Asset ID,SAS00641
SAS00641,Access Line ID,AL000641
SAS00641,Circuit ID,CIR000641
SAS00641,Technology Type,Copper
CSSS00642,Asset ID,SAS00642
CSSS00642,Access Line ID,AL000642
CSSS00642,Circuit ID,CIR000642
CSSS00642,Technology Type,FTTP
SAS00643,Asset ID,SAS00643
SAS00643,Access Line ID,AL000643
SAS00643,Circuit ID,CIR000643
SAS00643,Technology Type,FTTP
SAS00644,Asset ID,SAS00644
SAS00644,Access Line ID,AL000644
SAS00644,Circuit ID,CIR000644
SAS00644,Technology Type,FTTC
SAS00645,Asset ID,SAS00645
SAS00645,Access Line ID,AL000645
SAS00645,Circuit ID,CIR000645
SAS00645,Technology Type,FTTP
SAS00646,Asset ID,SAS00646
SAS00646,Access Line ID,AL000646
SAS00646,Circuit ID,CIR000646
SAS00646,Technology Type,FTTC
SAS00647,Asset ID,SAS00647
SAS00647,Access Line ID,AL000647
SAS00647,Circuit ID,CIR000647
SAS00647,Technology Type,Copper
SAS00648,Asset ID,SAS00648
SAS00648,Access Line ID,AL000648
SAS00648,Circuit ID,CIR000648
SAS00648,Technology Type,FTTC
SAS00649,Asset ID,SAS00649
SAS00649,Access Line ID,AL000649
SAS00649,Circuit ID,CIR000649
SAS00649,Technology Type,FTTC
SAS00650,Asset ID,SAS00650
SAS00650,Access Line ID,AL000650
SAS00650,Circuit ID,CIR000650
SAS00650,Technology Type,Copper
SAS00651,Asset ID,SAS00651
SAS00651,Access Line ID,AL000651
SAS00651,Circuit ID,CIR000651
SAS00651,Technology Type,FTTC
SAS00652,Asset ID,SAS00652
SAS00652,Access Line ID,AL000652
SAS00652,Circuit ID,CIR000652
SAS00652,Technology Type,FTTP
SAS00653,Asset ID,SAS00653
SAS00653,Access Line ID,AL000653
SAS00653,Circuit ID,CIR000653
SAS00653,Technology Type,FTTC
SAS00654,Asset ID,SAS00654
SAS00654,Access Line ID,AL000654
SAS00654,Circuit ID,CIR000654
SAS00654,Technology Type,FTTC
SAS00655,Asset ID,SAS00655
SAS00655,Access Line ID,AL000655
SAS00655,Circuit ID,CIR000655
SAS00655,Technology Type,FTTP
CSSS00656,Asset ID,SAS00656
CSSS00656,Access Line ID,AL000656
CSSS00656,Circuit ID,CIR000656
CSSS00656,Technology Type,FTTP
SAS00657,Asset ID,SAS00657
SAS00657,Access Line ID,AL000657
SAS00657,Circuit ID,CIR000657
SAS00657,Technology Type,FTTC
SAS00658,Asset ID,SAS00658
SAS00658,Access Line ID,AL000658
SAS00658,Circuit ID,CIR000658
SAS00658,Technology Type,Copper
CSSS00659,Asset ID,SAS00659
CSSS00659,Access Line ID,AL000659
CSSS00659,Circuit ID,CIR000659
CSSS00659,Technology Type,FTTP
SAS00660,Asset ID,SAS00660
SAS00660,Access Line ID,AL000660
SAS00660,Circuit ID,CIR000660
SAS00660,Technology Type,FTTC
SAS00661,Asset ID,SAS00661
SAS00661,Access Line ID,AL000661
SAS00661,Circuit ID,CIR000661
SAS00661,Technology Type,FTTP
SAS00662,Asset ID,SAS00662
SAS00662,Access Line ID,AL000662
SAS00662,Circuit ID,CIR000662
SAS00662,Technology Type,FTTC
SAS00663,Asset ID,SAS00663
SAS00663,Access Line ID,AL000663
SAS00663,Circuit ID,CIR000663
SAS00663,Technology Type,FTTP
CSSS00664,Asset ID,SAS00664
CSSS00664,Access Line ID,AL000664
CSSS00664,Circuit ID,CIR000664
CSSS00664,Technology Type,Copper
CSSS00665,Asset ID,SAS00665
CSSS00665,Access Line ID,AL000665
CSSS00665,Circuit ID,CIR000665
CSSS00665,Technology Type,FTTP
SAS00666,Asset ID,SAS00666
SAS00666,Access Line ID,AL000666
SAS00666,Circuit ID,CIR000666
SAS00666,Technology Type,FTTP
SAS00667,Asset ID,SAS00667
SAS00667,Access Line ID,AL000667
SAS00667,Circuit ID,CIR000667
SAS00667,Technology Type,Copper
SAS00668,Asset ID,SAS00668
SAS00668,Access Line ID,AL000668
SAS00668,Circuit ID,CIR000668
SAS00668,Technology Type,Copper
SAS00669,Asset ID,SAS00669
SAS00669,Access Line ID,AL000669
SAS00669,Circuit ID,CIR000669
SAS00669,Technology Type,FTTP
SAS00670,Asset ID,SAS00670
SAS00670,Access Line ID,AL000670
SAS00670,Circuit ID,CIR000670
SAS00670,Technology Type,FTTP
CSSS00671,Asset ID,SAS00671
CSSS00671,Access Line ID,AL000671
CSSS00671,Circuit ID,CIR000671
CSSS00671,Technology Type,FTTC
SAS00672,Asset ID,SAS00672
SAS00672,Access Line ID,AL000672
SAS00672,Circuit ID,CIR000672
SAS00672,Technology Type,FTTP
SAS00673,Asset ID,SAS00673
SAS00673,Access Line ID,AL000673
SAS00673,Circuit ID,CIR000673
SAS00673,Technology Type,Copper
SAS00674,Asset ID,SAS00674
SAS00674,Access Line ID,AL000674
SAS00674,Circuit ID,CIR000674
SAS00674,Technology Type,FTTC
SAS00675,Asset ID,SAS00675
SAS00675,Access Line ID,AL000675
SAS00675,Circuit ID,CIR000675
SAS00675,Technology Type,Copper
SAS00676,Asset ID,SAS00676
SAS00676,Access Line ID,AL000676
SAS00676,Circuit ID,CIR000676
SAS00676,Technology Type,FTTC
SAS00677,Asset ID,SAS00677
SAS00677,Access Line ID,AL000677
SAS00677,Circuit ID,CIR000677
SAS00677,Technology Type,FTTP
SAS00678,Asset ID,SAS00678
SAS00678,Access Line ID,AL000678
SAS00678,Circuit ID,CIR000678
SAS00678,Technology Type,FTTP
SAS00679,Asset ID,SAS00679
SAS00679,Access Line ID,AL000679
SAS00679,Circuit ID,CIR000679
SAS00679,Technology Type,FTTC
SAS00680,Asset ID,SAS00680
SAS00680,Access Line ID,AL000680
SAS00680,Circuit ID,CIR000680
SAS00680,Technology Type,Copper
SAS00681,Asset ID,SAS00681
SAS00681,Access Line ID,AL000681
SAS00681,Circuit ID,CIR000681
SAS00681,Technology Type,FTTC
SAS00682,Asset ID,SAS00682
SAS00682,Access Line ID,AL000682
SAS00682,Circuit ID,CIR000682
SAS00682,Technology Type,Copper
SAS00683,Asset ID,SAS00683
SAS00683,Access Line ID,AL000683
SAS00683,Circuit ID,CIR000683
SAS00683,Technology Type,FTTC
SAS00684,Asset ID,SAS00684
SAS00684,Access Line ID,AL000684
SAS00684,Circuit ID,CIR000684
SAS00684,Technology Type,Copper
SAS00685,Asset ID,SAS00685
SAS00685,Access Line ID,AL000685
SAS00685,Circuit ID,CIR000685
SAS00685,Technology Type,FTTC
CSSS00686,Asset ID,SAS00686
CSSS00686,Access Line ID,AL000686
CSSS00686,Circuit ID,CIR000686
CSSS00686,Technology Type,FTTP
SAS00687,Asset ID,SAS00687
SAS00687,Access Line ID,AL000687
SAS00687,Circuit ID,CIR000687
SAS00687,Technology Type,FTTP
SAS00688,Asset ID,SAS00688
SAS00688,Access Line ID,AL000688
SAS00688,Circuit ID,CIR000688
SAS00688,Technology Type,Copper
SAS00689,Asset ID,SAS00689
SAS00689,Access Line ID,AL000689
SAS00689,Circuit ID,CIR000689
SAS00689,Technology Type,Copper
SAS00690,Asset ID,SAS00690
SAS00690,Access Line ID,AL000690
SAS00690,Circuit ID,CIR000690
SAS00690,Technology Type,Copper
SAS00691,Asset ID,SAS00691
SAS00691,Access Line ID,AL000691
SAS00691,Circuit ID,CIR000691
SAS00691,Technology Type,Copper
CSSS00692,Asset ID,SAS00692
CSSS00692,Access Line ID,AL000692
CSSS00692,Circuit ID,CIR000692
CSSS00692,Technology Type,Copper
SAS00693,Asset ID,SAS00693
SAS00693,Access Line ID,AL000693
SAS00693,Circuit ID,CIR000693
SAS00693,Technology Type,FTTP
SAS00694,Asset ID,SAS00694
SAS00694,Access Line ID,AL000694
SAS00694,Circuit ID,CIR000694
SAS00694,Technology Type,Copper
SAS00695,Asset ID,SAS00695
SAS00695,Access Line ID,AL000695
SAS00695,Circuit ID,CIR000695
SAS00695,Technology Type,FTTC
CSSS00696,Asset ID,SAS00696
CSSS00696,Access Line ID,AL000696
CSSS00696,Circuit ID,CIR000696
CSSS00696,Technology Type,FTTP
SAS00697,Asset ID,SAS00697
SAS00697,Access Line ID,AL000697
SAS00697,Circuit ID,CIR000697
SAS00697,Technology Type,Copper
SAS00698,Asset ID,SAS00698
SAS00698,Access Line ID,AL000698
SAS00698,Circuit ID,CIR000698
SAS00698,Technology Type,FTTP
SAS00699,Asset ID,SAS00699
SAS00699,Access Line ID,AL000699
SAS00699,Circuit ID,CIR000699
SAS00699,Technology Type,FTTP
SAS00700,Asset ID,SAS00700
SAS00700,Access Line ID,AL000700
SAS00700,Circuit ID,CIR000700
SAS00700,Technology Type,FTTC
SAS00701,Asset ID,SAS00701
SAS00701,Access Line ID,AL000701
SAS00701,Circuit ID,CIR000701
SAS00701,Technology Type,FTTP
SAS00702,Asset ID,SAS00702
SAS00702,Access Line ID,AL000702
SAS00702,Circuit ID,CIR000702
SAS00702,Technology Type,Copper
CSSS00703,Asset ID,SAS00703
CSSS00703,Access Line ID,AL000703
CSSS00703,Circuit ID,CIR000703
CSSS00703,Technology Type,Copper
SAS00704,Asset ID,SAS00704
SAS00704,Access Line ID,AL000704
SAS00704,Circuit ID,CIR000704
SAS00704,Technology Type,FTTC
SAS00705,Asset ID,SAS00705
SAS00705,Access Line ID,AL000705
SAS00705,Circuit ID,CIR000705
SAS00705,Technology Type,Copper
SAS00706,Asset ID,SAS00706
SAS00706,Access Line ID,AL000706
SAS00706,Circuit ID,CIR000706
SAS00706,Technology Type,FTTC
SAS00707,Asset ID,SAS00707
SAS00707,Access Line ID,AL000707
SAS00707,Circuit ID,CIR000707
SAS00707,Technology Type,FTTP
SAS00708,Asset ID,SAS00708
SAS00708,Access Line ID,AL000708
SAS00708,Circuit ID,CIR000708
SAS00708,Technology Type,FTTC
SAS00709,Asset ID,SAS00709
SAS00709,Access Line ID,AL000709
SAS00709,Circuit ID,CIR000709
SAS00709,Technology Type,Copper
SAS00710,Asset ID,SAS00710
SAS00710,Access Line ID,AL000710
SAS00710,Circuit ID,CIR000710
SAS00710,Technology Type,FTTP
SAS00711,Asset ID,SAS00711
SAS00711,Access Line ID,AL000711
SAS00711,Circuit ID,CIR000711
SAS00711,Technology Type,FTTC
SAS00712,Asset ID,SAS00712
SAS00712,Access Line ID,AL000712
SAS00712,Circuit ID,CIR000712
SAS00712,Technology Type,FTTC
SAS00713,Asset ID,SAS00713
SAS00713,Access Line ID,AL000713
SAS00713,Circuit ID,CIR000713
SAS00713,Technology Type,FTTC
SAS00714,Asset ID,SAS00714
SAS00714,Access Line ID,AL000714
SAS00714,Circuit ID,CIR000714
SAS00714,Technology Type,FTTC
SAS00715,Asset ID,SAS00715
SAS00715,Access Line ID,AL000715
SAS00715,Circuit ID,CIR000715
SAS00715,Technology Type,FTTC
SAS00716,Asset ID,SAS00716
SAS00716,Access Line ID,AL000716
SAS00716,Circuit ID,CIR000716
SAS00716,Technology Type,FTTP
SAS00717,Asset ID,SAS00717
SAS00717,Access Line ID,AL000717
SAS00717,Circuit ID,CIR000717
SAS00717,Technology Type,FTTP
SAS00718,Asset ID,SAS00718
SAS00718,Access Line ID,AL000718
SAS00718,Circuit ID,CIR000718
SAS00718,Technology Type,FTTP
SAS00719,Asset ID,SAS00719
SAS00719,Access Line ID,AL000719
SAS00719,Circuit ID,CIR000719
SAS00719,Technology Type,FTTC
SAS00720,Asset ID,SAS00720
SAS00720,Access Line ID,AL000720
SAS00720,Circuit ID,CIR000720
SAS00720,Technology Type,FTTP
SAS00721,Asset ID,SAS00721
SAS00721,Access Line ID,AL000721
SAS00721,Circuit ID,CIR000721
SAS00721,Technology Type,FTTP
SAS00722,Asset ID,SAS00722
SAS00722,Access Line ID,AL000722
SAS00722,Circuit ID,CIR000722
SAS00722,Technology Type,Copper
SAS00723,Asset ID,SAS00723
SAS00723,Access Line ID,AL000723
SAS00723,Circuit ID,CIR000723
SAS00723,Technology Type,FTTP
SAS00724,Asset ID,SAS00724
SAS00724,Access Line ID,AL000724
SAS00724,Circuit ID,CIR000724
SAS00724,Technology Type,FTTC
SAS00725,Asset ID,SAS00725
SAS00725,Access Line ID,AL000725
SAS00725,Circuit ID,CIR000725
SAS00725,Technology Type,Copper
CSSS00726,Asset ID,SAS00726
CSSS00726,Access Line ID,AL000726
CSSS00726,Circuit ID,CIR000726
CSSS00726,Technology Type,FTTC
SAS00727,Asset ID,SAS00727
SAS00727,Access Line ID,AL000727
SAS00727,Circuit ID,CIR000727
SAS00727,Technology Type,Copper
SAS00728,Asset ID,SAS00728
SAS00728,Access Line ID,AL000728
SAS00728,Circuit ID,CIR000728
SAS00728,Technology Type,FTTC
SAS00729,Asset ID,SAS00729
SAS00729,Access Line ID,AL000729
SAS00729,Circuit ID,CIR000729
SAS00729,Technology Type,FTTC
SAS00730,Asset ID,SAS00730
SAS00730,Access Line ID,AL000730
SAS00730,Circuit ID,CIR000730
SAS00730,Technology Type,FTTC
SAS00731,Asset ID,SAS00731
SAS00731,Access Line ID,AL000731
SAS00731,Circuit ID,CIR000731
SAS00731,Technology Type,FTTC
CSSS00732,Asset ID,SAS00732
CSSS00732,Access Line ID,AL000732
CSSS00732,Circuit ID,CIR000732
CSSS00732,Technology Type,FTTP
SAS00733,Asset ID,SAS00733
SAS00733,Access Line ID,AL000733
SAS00733,Circuit ID,CIR000733
SAS00733,Technology Type,FTTP
SAS00734,Asset ID,SAS00734
SAS00734,Access Line ID,AL000734
SAS00734,Circuit ID,CIR000734
SAS00734,Technology Type,FTTP
SAS00735,Asset ID,SAS00735
SAS00735,Access Line ID,AL000735
SAS00735,Circuit ID,CIR000735
SAS00735,Technology Type,Copper
SAS00736,Asset ID,SAS00736
SAS00736,Access Line ID,AL000736
SAS00736,Circuit ID,CIR000736
SAS00736,Technology Type,Copper
SAS00737,Asset ID,SAS00737
SAS00737,Access Line ID,AL000737
SAS00737,Circuit ID,CIR000737
SAS00737,Technology Type,FTTP
SAS00738,Asset ID,SAS00738
SAS00738,Access Line ID,AL000738
SAS00738,Circuit ID,CIR000738
SAS00738,Technology Type,FTTP
CSSS00739,Asset ID,SAS00739
CSSS00739,Access Line ID,AL000739
CSSS00739,Circuit ID,CIR000739
CSSS00739,Technology Type,FTTC
SAS00740,Asset ID,SAS00740
SAS00740,Access Line ID,AL000740
SAS00740,Circuit ID,CIR000740
SAS00740,Technology Type,Copper
SAS00741,Asset ID,SAS00741
SAS00741,Access Line ID,AL000741
SAS00741,Circuit ID,CIR000741
SAS00741,Technology Type,FTTP
SAS00742,Asset ID,SAS00742
SAS00742,Access Line ID,AL000742
SAS00742,Circuit ID,CIR000742
SAS00742,Technology Type,Copper
SAS00743,Asset ID,SAS00743
SAS00743,Access Line ID,AL000743
SAS00743,Circuit ID,CIR000743
SAS00743,Technology Type,FTTP
SAS00744,Asset ID,SAS00744
SAS00744,Access Line ID,AL000744
SAS00744,Circuit ID,CIR000744
SAS00744,Technology Type,FTTP
SAS00745,Asset ID,SAS00745
SAS00745,Access Line ID,AL000745
SAS00745,Circuit ID,CIR000745
SAS00745,Technology Type,Copper
SAS00746,Asset ID,SAS00746
SAS00746,Access Line ID,AL000746
SAS00746,Circuit ID,CIR000746
SAS00746,Technology Type,FTTP
SAS00747,Asset ID,SAS00747
SAS00747,Access Line ID,AL000747
SAS00747,Circuit ID,CIR000747
SAS00747,Technology Type,Copper
SAS00748,Asset ID,SAS00748
SAS00748,Access Line ID,AL000748
SAS00748,Circuit ID,CIR000748
SAS00748,Technology Type,Copper
SAS00749,Asset ID,SAS00749
SAS00749,Access Line ID,AL000749
SAS00749,Circuit ID,CIR000749
SAS00749,Technology Type,Copper
SAS00750,Asset ID,SAS00750
SAS00750,Access Line ID,AL000750
SAS00750,Circuit ID,CIR000750
SAS00750,Technology Type,Copper
CSSS00751,Asset ID,SAS00751
CSSS00751,Access Line ID,AL000751
CSSS00751,Circuit ID,CIR000751
CSSS00751,Technology Type,FTTC
SAS00752,Asset ID,SAS00752
SAS00752,Access Line ID,AL000752
SAS00752,Circuit ID,CIR000752
SAS00752,Technology Type,FTTP
SAS00753,Asset ID,SAS00753
SAS00753,Access Line ID,AL000753
SAS00753,Circuit ID,CIR000753
SAS00753,Technology Type,FTTP
SAS00754,Asset ID,SAS00754
SAS00754,Access Line ID,AL000754
SAS00754,Circuit ID,CIR000754
SAS00754,Technology Type,Copper
SAS00755,Asset ID,SAS00755
SAS00755,Access Line ID,AL000755
SAS00755,Circuit ID,CIR000755
SAS00755,Technology Type,FTTP
SAS00756,Asset ID,SAS00756
SAS00756,Access Line ID,AL000756
SAS00756,Circuit ID,CIR000756
SAS00756,Technology Type,Copper
CSSS00757,Asset ID,SAS00757
CSSS00757,Access Line ID,AL000757
CSSS00757,Circuit ID,CIR000757
CSSS00757,Technology Type,Copper
SAS00758,Asset ID,SAS00758
SAS00758,Access Line ID,AL000758
SAS00758,Circuit ID,CIR000758
SAS00758,Technology Type,Copper
SAS00759,Asset ID,SAS00759
SAS00759,Access Line ID,AL000759
SAS00759,Circuit ID,CIR000759
SAS00759,Technology Type,FTTC
SAS00760,Asset ID,SAS00760
SAS00760,Access Line ID,AL000760
SAS00760,Circuit ID,CIR000760
SAS00760,Technology Type,Copper
SAS00761,Asset ID,SAS00761
SAS00761,Access Line ID,AL000761
SAS00761,Circuit ID,CIR000761
SAS00761,Technology Type,FTTP
SAS00762,Asset ID,SAS00762
SAS00762,Access Line ID,AL000762
SAS00762,Circuit ID,CIR000762
SAS00762,Technology Type,Copper
SAS00763,Asset ID,SAS00763
SAS00763,Access Line ID,AL000763
SAS00763,Circuit ID,CIR000763
SAS00763,Technology Type,FTTC
CSSS00764,Asset ID,SAS00764
CSSS00764,Access Line ID,AL000764
CSSS00764,Circuit ID,CIR000764
CSSS00764,Technology Type,FTTP
SAS00765,Asset ID,SAS00765
SAS00765,Access Line ID,AL000765
SAS00765,Circuit ID,CIR000765
SAS00765,Technology Type,FTTC
SAS00766,Asset ID,SAS00766
SAS00766,Access Line ID,AL000766
SAS00766,Circuit ID,CIR000766
SAS00766,Technology Type,FTTC
SAS00767,Asset ID,SAS00767
SAS00767,Access Line ID,AL000767
SAS00767,Circuit ID,CIR000767
SAS00767,Technology Type,FTTC
SAS00768,Asset ID,SAS00768
SAS00768,Access Line ID,AL000768
SAS00768,Circuit ID,CIR000768
SAS00768,Technology Type,Copper
SAS00769,Asset ID,SAS00769
SAS00769,Access Line ID,AL000769
SAS00769,Circuit ID,CIR000769
SAS00769,Technology Type,FTTC
SAS00770,Asset ID,SAS00770
SAS00770,Access Line ID,AL000770
SAS00770,Circuit ID,CIR000770
SAS00770,Technology Type,FTTP
CSSS00771,Asset ID,SAS00771
CSSS00771,Access Line ID,AL000771
CSSS00771,Circuit ID,CIR000771
CSSS00771,Technology Type,Copper
SAS00772,Asset ID,SAS00772
SAS00772,Access Line ID,AL000772
SAS00772,Circuit ID,CIR000772
SAS00772,Technology Type,FTTP
SAS00773,Asset ID,SAS00773
SAS00773,Access Line ID,AL000773
SAS00773,Circuit ID,CIR000773
SAS00773,Technology Type,Copper
CSSS00774,Asset ID,SAS00774
CSSS00774,Access Line ID,AL000774
CSSS00774,Circuit ID,CIR000774
CSSS00774,Technology Type,FTTP
SAS00775,Asset ID,SAS00775
SAS00775,Access Line ID,AL000775
SAS00775,Circuit ID,CIR000775
SAS00775,Technology Type,Copper
SAS00776,Asset ID,SAS00776
SAS00776,Access Line ID,AL000776
SAS00776,Circuit ID,CIR000776
SAS00776,Technology Type,FTTP
SAS00777,Asset ID,SAS00777
SAS00777,Access Line ID,AL000777
SAS00777,Circuit ID,CIR000777
SAS00777,Technology Type,FTTP
SAS00778,Asset ID,SAS00778
SAS00778,Access Line ID,AL000778
SAS00778,Circuit ID,CIR000778
SAS00778,Technology Type,Copper
SAS00779,Asset ID,SAS00779
SAS00779,Access Line ID,AL000779
SAS00779,Circuit ID,CIR000779
SAS00779,Technology Type,Copper
CSSS00780,Asset ID,SAS00780
CSSS00780,Access Line ID,AL000780
CSSS00780,Circuit ID,CIR000780
CSSS00780,Technology Type,FTTC
CSSS00781,Asset ID,SAS00781
CSSS00781,Access Line ID,AL000781
CSSS00781,Circuit ID,CIR000781
CSSS00781,Technology Type,FTTC
SAS00782,Asset ID,SAS00782
SAS00782,Access Line ID,AL000782
SAS00782,Circuit ID,CIR000782
SAS00782,Technology Type,FTTC
SAS00783,Asset ID,SAS00783
SAS00783,Access Line ID,AL000783
SAS00783,Circuit ID,CIR000783
SAS00783,Technology Type,Copper
SAS00784,Asset ID,SAS00784
SAS00784,Access Line ID,AL000784
SAS00784,Circuit ID,CIR000784
SAS00784,Technology Type,Copper
SAS00785,Asset ID,SAS00785
SAS00785,Access Line ID,AL000785
SAS00785,Circuit ID,CIR000785
SAS00785,Technology Type,FTTP
SAS00786,Asset ID,SAS00786
SAS00786,Access Line ID,AL000786
SAS00786,Circuit ID,CIR000786
SAS00786,Technology Type,FTTP
SAS00787,Asset ID,SAS00787
SAS00787,Access Line ID,AL000787
SAS00787,Circuit ID,CIR000787
SAS00787,Technology Type,FTTC
SAS00788,Asset ID,SAS00788
SAS00788,Access Line ID,AL000788
SAS00788,Circuit ID,CIR000788
SAS00788,Technology Type,FTTC
SAS00789,Asset ID,SAS00789
SAS00789,Access Line ID,AL000789
SAS00789,Circuit ID,CIR000789
SAS00789,Technology Type,FTTP
CSSS00790,Asset ID,SAS00790
CSSS00790,Access Line ID,AL000790
CSSS00790,Circuit ID,CIR000790
CSSS00790,Technology Type,Copper
SAS00791,Asset ID,SAS00791
SAS00791,Access Line ID,AL000791
SAS00791,Circuit ID,CIR000791
SAS00791,Technology Type,Copper
SAS00792,Asset ID,SAS00792
SAS00792,Access Line ID,AL000792
SAS00792,Circuit ID,CIR000792
SAS00792,Technology Type,FTTC
SAS00793,Asset ID,SAS00793
SAS00793,Access Line ID,AL000793
SAS00793,Circuit ID,CIR000793
SAS00793,Technology Type,FTTP
SAS00794,Asset ID,SAS00794
SAS00794,Access Line ID,AL000794
SAS00794,Circuit ID,CIR000794
SAS00794,Technology Type,FTTC
SAS00795,Asset ID,SAS00795
SAS00795,Access Line ID,AL000795
SAS00795,Circuit ID,CIR000795
SAS00795,Technology Type,Copper
CSSS00796,Asset ID,SAS00796
CSSS00796,Access Line ID,AL000796
CSSS00796,Circuit ID,CIR000796
CSSS00796,Technology Type,Copper
SAS00797,Asset ID,SAS00797
SAS00797,Access Line ID,AL000797
SAS00797,Circuit ID,CIR000797
SAS00797,Technology Type,FTTP
SAS00798,Asset ID,SAS00798
SAS00798,Access Line ID,AL000798
SAS00798,Circuit ID,CIR000798
SAS00798,Technology Type,FTTP
SAS00799,Asset ID,SAS00799
SAS00799,Access Line ID,AL000799
SAS00799,Circuit ID,CIR000799
SAS00799,Technology Type,Copper
SAS00800,Asset ID,SAS00800
SAS00800,Access Line ID,AL000800
SAS00800,Circuit ID,CIR000800
SAS00800,Technology Type,FTTP
SAS00801,Asset ID,SAS00801
SAS00801,Access Line ID,AL000801
SAS00801,Circuit ID,CIR000801
SAS00801,Technology Type,FTTC
SAS00802,Asset ID,SAS00802
SAS00802,Access Line ID,AL000802
SAS00802,Circuit ID,CIR000802
SAS00802,Technology Type,FTTC
SAS00803,Asset ID,SAS00803
SAS00803,Access Line ID,AL000803
SAS00803,Circuit ID,CIR000803
SAS00803,Technology Type,Copper
CSSS00804,Asset ID,SAS00804
CSSS00804,Access Line ID,AL000804
CSSS00804,Circuit ID,CIR000804
CSSS00804,Technology Type,FTTC
SAS00805,Asset ID,SAS00805
SAS00805,Access Line ID,AL000805
SAS00805,Circuit ID,CIR000805
SAS00805,Technology Type,Copper
SAS00806,Asset ID,SAS00806
SAS00806,Access Line ID,AL000806
SAS00806,Circuit ID,CIR000806
SAS00806,Technology Type,FTTC
SAS00807,Asset ID,SAS00807
SAS00807,Access Line ID,AL000807
SAS00807,Circuit ID,CIR000807
SAS00807,Technology Type,FTTC
SAS00808,Asset ID,SAS00808
SAS00808,Access Line ID,AL000808
SAS00808,Circuit ID,CIR000808
SAS00808,Technology Type,Copper
SAS00809,Asset ID,SAS00809
SAS00809,Access Line ID,AL000809
SAS00809,Circuit ID,CIR000809
SAS00809,Technology Type,Copper
CSSS00810,Asset ID,SAS00810
CSSS00810,Access Line ID,AL000810
CSSS00810,Circuit ID,CIR000810
CSSS00810,Technology Type,FTTC
SAS00811,Asset ID,SAS00811
SAS00811,Access Line ID,AL000811
SAS00811,Circuit ID,CIR000811
SAS00811,Technology Type,FTTC
SAS00812,Asset ID,SAS00812
SAS00812,Access Line ID,AL000812
SAS00812,Circuit ID,CIR000812
SAS00812,Technology Type,Copper
SAS00813,Asset ID,SAS00813
SAS00813,Access Line ID,AL000813
SAS00813,Circuit ID,CIR000813
SAS00813,Technology Type,FTTP
SAS00814,Asset ID,SAS00814
SAS00814,Access Line ID,AL000814
SAS00814,Circuit ID,CIR000814
SAS00814,Technology Type,Copper
SAS00815,Asset ID,SAS00815
SAS00815,Access Line ID,AL000815
SAS00815,Circuit ID,CIR000815
SAS00815,Technology Type,FTTC
CSSS00816,Asset ID,SAS00816
CSSS00816,Access Line ID,AL000816
CSSS00816,Circuit ID,CIR000816
CSSS00816,Technology Type,FTTC
SAS00817,Asset ID,SAS00817
SAS00817,Access Line ID,AL000817
SAS00817,Circuit ID,CIR000817
SAS00817,Technology Type,FTTP
SAS00818,Asset ID,SAS00818
SAS00818,Access Line ID,AL000818
SAS00818,Circuit ID,CIR000818
SAS00818,Technology Type,Copper
SAS00819,Asset ID,SAS00819
SAS00819,Access Line ID,AL000819
SAS00819,Circuit ID,CIR000819
SAS00819,Technology Type,FTTC
SAS00820,Asset ID,SAS00820
SAS00820,Access Line ID,AL000820
SAS00820,Circuit ID,CIR000820
SAS00820,Technology Type,Copper
SAS00821,Asset ID,SAS00821
SAS00821,Access Line ID,AL000821
SAS00821,Circuit ID,CIR000821
SAS00821,Technology Type,Copper
SAS00822,Asset ID,SAS00822
SAS00822,Access Line ID,AL000822
SAS00822,Circuit ID,CIR000822
SAS00822,Technology Type,FTTC
SAS00823,Asset ID,SAS00823
SAS00823,Access Line ID,AL000823
SAS00823,Circuit ID,CIR000823
SAS00823,Technology Type,FTTP
SAS00824,Asset ID,SAS00824
SAS00824,Access Line ID,AL000824
SAS00824,Circuit ID,CIR000824
SAS00824,Technology Type,FTTC
SAS00825,Asset ID,SAS00825
SAS00825,Access Line ID,AL000825
SAS00825,Circuit ID,CIR000825
SAS00825,Technology Type,Copper
SAS00826,Asset ID,SAS00826
SAS00826,Access Line ID,AL000826
SAS00826,Circuit ID,CIR000826
SAS00826,Technology Type,Copper
SAS00827,Asset ID,SAS00827
SAS00827,Access Line ID,AL000827
SAS00827,Circuit ID,CIR000827
SAS00827,Technology Type,FTTC
SAS00828,Asset ID,SAS00828
SAS00828,Access Line ID,AL000828
SAS00828,Circuit ID,CIR000828
SAS00828,Technology Type,Copper
SAS00829,Asset ID,SAS00829
SAS00829,Access Line ID,AL000829
SAS00829,Circuit ID,CIR000829
SAS00829,Technology Type,FTTP
SAS00830,Asset ID,SAS00830
SAS00830,Access Line ID,AL000830
SAS00830,Circuit ID,CIR000830
SAS00830,Technology Type,FTTC
SAS00831,Asset ID,SAS00831
SAS00831,Access Line ID,AL000831
SAS00831,Circuit ID,CIR000831
SAS00831,Technology Type,Copper
SAS00832,Asset ID,SAS00832
SAS00832,Access Line ID,AL000832
SAS00832,Circuit ID,CIR000832
SAS00832,Technology Type,FTTC
SAS00833,Asset ID,SAS00833
SAS00833,Access Line ID,AL000833
SAS00833,Circuit ID,CIR000833
SAS00833,Technology Type,FTTC
SAS00834,Asset ID,SAS00834
SAS00834,Access Line ID,AL000834
SAS00834,Circuit ID,CIR000834
SAS00834,Technology Type,FTTC
SAS00835,Asset ID,SAS00835
SAS00835,Access Line ID,AL000835
SAS00835,Circuit ID,CIR000835
SAS00835,Technology Type,FTTC
CSSS00836,Asset ID,SAS00836
CSSS00836,Access Line ID,AL000836
CSSS00836,Circuit ID,CIR000836
CSSS00836,Technology Type,FTTC
SAS00837,Asset ID,SAS00837
SAS00837,Access Line ID,AL000837
SAS00837,Circuit ID,CIR000837
SAS00837,Technology Type,FTTP
SAS00838,Asset ID,SAS00838
SAS00838,Access Line ID,AL000838
SAS00838,Circuit ID,CIR000838
SAS00838,Technology Type,FTTP
CSSS00839,Asset ID,SAS00839
CSSS00839,Access Line ID,AL000839
CSSS00839,Circuit ID,CIR000839
CSSS00839,Technology Type,FTTP
SAS00840,Asset ID,SAS00840
SAS00840,Access Line ID,AL000840
SAS00840,Circuit ID,CIR000840
SAS00840,Technology Type,FTTC
SAS00841,Asset ID,SAS00841
SAS00841,Access Line ID,AL000841
SAS00841,Circuit ID,CIR000841
SAS00841,Technology Type,FTTP
CSSS00842,Asset ID,SAS00842
CSSS00842,Access Line ID,AL000842
CSSS00842,Circuit ID,CIR000842
CSSS00842,Technology Type,FTTC
CSSS00843,Asset ID,SAS00843
CSSS00843,Access Line ID,AL000843
CSSS00843,Circuit ID,CIR000843
CSSS00843,Technology Type,Copper
SAS00844,Asset ID,SAS00844
SAS00844,Access Line ID,AL000844
SAS00844,Circuit ID,CIR000844
SAS00844,Technology Type,FTTP
CSSS00845,Asset ID,SAS00845
CSSS00845,Access Line ID,AL000845
CSSS00845,Circuit ID,CIR000845
CSSS00845,Technology Type,FTTP
SAS00846,Asset ID,SAS00846
SAS00846,Access Line ID,AL000846
SAS00846,Circuit ID,CIR000846
SAS00846,Technology Type,FTTC
SAS00847,Asset ID,SAS00847
SAS00847,Access Line ID,AL000847
SAS00847,Circuit ID,CIR000847
SAS00847,Technology Type,FTTP
SAS00848,Asset ID,SAS00848
SAS00848,Access Line ID,AL000848
SAS00848,Circuit ID,CIR000848
SAS00848,Technology Type,FTTP
SAS00849,Asset ID,SAS00849
SAS00849,Access Line ID,AL000849
SAS00849,Circuit ID,CIR000849
SAS00849,Technology Type,FTTP
SAS00850,Asset ID,SAS00850
SAS00850,Access Line ID,AL000850
SAS00850,Circuit ID,CIR000850
SAS00850,Technology Type,FTTP
SAS00851,Asset ID,SAS00851
SAS00851,Access Line ID,AL000851
SAS00851,Circuit ID,CIR000851
SAS00851,Technology Type,Copper
SAS00852,Asset ID,SAS00852
SAS00852,Access Line ID,AL000852
SAS00852,Circuit ID,CIR000852
SAS00852,Technology Type,FTTP
SAS00853,Asset ID,SAS00853
SAS00853,Access Line ID,AL000853
SAS00853,Circuit ID,CIR000853
SAS00853,Technology Type,FTTC
SAS00854,Asset ID,SAS00854
SAS00854,Access Line ID,AL000854
SAS00854,Circuit ID,CIR000854
SAS00854,Technology Type,FTTP
SAS00855,Asset ID,SAS00855
SAS00855,Access Line ID,AL000855
SAS00855,Circuit ID,CIR000855
SAS00855,Technology Type,Copper
SAS00856,Asset ID,SAS00856
SAS00856,Access Line ID,AL000856
SAS00856,Circuit ID,CIR000856
SAS00856,Technology Type,FTTP
SAS00857,Asset ID,SAS00857
SAS00857,Access Line ID,AL000857
SAS00857,Circuit ID,CIR000857
SAS00857,Technology Type,Copper
SAS00858,Asset ID,SAS00858
SAS00858,Access Line ID,AL000858
SAS00858,Circuit ID,CIR000858
SAS00858,Technology Type,Copper
SAS00859,Asset ID,SAS00859
SAS00859,Access Line ID,AL000859
SAS00859,Circuit ID,CIR000859
SAS00859,Technology Type,FTTP
SAS00860,Asset ID,SAS00860
SAS00860,Access Line ID,AL000860
SAS00860,Circuit ID,CIR000860
SAS00860,Technology Type,Copper
CSSS00861,Asset ID,SAS00861
CSSS00861,Access Line ID,AL000861
CSSS00861,Circuit ID,CIR000861
CSSS00861,Technology Type,FTTP
SAS00862,Asset ID,SAS00862
SAS00862,Access Line ID,AL000862
SAS00862,Circuit ID,CIR000862
SAS00862,Technology Type,FTTC
SAS00863,Asset ID,SAS00863
SAS00863,Access Line ID,AL000863
SAS00863,Circuit ID,CIR000863
SAS00863,Technology Type,FTTC
SAS00864,Asset ID,SAS00864
SAS00864,Access Line ID,AL000864
SAS00864,Circuit ID,CIR000864
SAS00864,Technology Type,FTTC
SAS00865,Asset ID,SAS00865
SAS00865,Access Line ID,AL000865
SAS00865,Circuit ID,CIR000865
SAS00865,Technology Type,Copper
SAS00866,Asset ID,SAS00866
SAS00866,Access Line ID,AL000866
SAS00866,Circuit ID,CIR000866
SAS00866,Technology Type,FTTP
SAS00867,Asset ID,SAS00867
SAS00867,Access Line ID,AL000867
SAS00867,Circuit ID,CIR000867
SAS00867,Technology Type,FTTC
SAS00868,Asset ID,SAS00868
SAS00868,Access Line ID,AL000868
SAS00868,Circuit ID,CIR000868
SAS00868,Technology Type,Copper
SAS00869,Asset ID,SAS00869
SAS00869,Access Line ID,AL000869
SAS00869,Circuit ID,CIR000869
SAS00869,Technology Type,Copper
CSSS00870,Asset ID,SAS00870
CSSS00870,Access Line ID,AL000870
CSSS00870,Circuit ID,CIR000870
CSSS00870,Technology Type,FTTP
SAS00871,Asset ID,SAS00871
SAS00871,Access Line ID,AL000871
SAS00871,Circuit ID,CIR000871
SAS00871,Technology Type,FTTP
SAS00872,Asset ID,SAS00872
SAS00872,Access Line ID,AL000872
SAS00872,Circuit ID,CIR000872
SAS00872,Technology Type,FTTP
SAS00873,Asset ID,SAS00873
SAS00873,Access Line ID,AL000873
SAS00873,Circuit ID,CIR000873
SAS00873,Technology Type,FTTC
SAS00874,Asset ID,SAS00874
SAS00874,Access Line ID,AL000874
SAS00874,Circuit ID,CIR000874
SAS00874,Technology Type,FTTC
CSSS00875,Asset ID,SAS00875
CSSS00875,Access Line ID,AL000875
CSSS00875,Circuit ID,CIR000875
CSSS00875,Technology Type,FTTC
SAS00876,Asset ID,SAS00876
SAS00876,Access Line ID,AL000876
SAS00876,Circuit ID,CIR000876
SAS00876,Technology Type,FTTP
SAS00877,Asset ID,SAS00877
SAS00877,Access Line ID,AL000877
SAS00877,Circuit ID,CIR000877
SAS00877,Technology Type,FTTC
SAS00878,Asset ID,SAS00878
SAS00878,Access Line ID,AL000878
SAS00878,Circuit ID,CIR000878
SAS00878,Technology Type,FTTP
SAS00879,Asset ID,SAS00879
SAS00879,Access Line ID,AL000879
SAS00879,Circuit ID,CIR000879
SAS00879,Technology Type,FTTP
SAS00880,Asset ID,SAS00880
SAS00880,Access Line ID,AL000880
SAS00880,Circuit ID,CIR000880
SAS00880,Technology Type,Copper
SAS00881,Asset ID,SAS00881
SAS00881,Access Line ID,AL000881
SAS00881,Circuit ID,CIR000881
SAS00881,Technology Type,Copper
SAS00882,Asset ID,SAS00882
SAS00882,Access Line ID,AL000882
SAS00882,Circuit ID,CIR000882
SAS00882,Technology Type,FTTP
SAS00883,Asset ID,SAS00883
SAS00883,Access Line ID,AL000883
SAS00883,Circuit ID,CIR000883
SAS00883,Technology Type,Copper
SAS00884,Asset ID,SAS00884
SAS00884,Access Line ID,AL000884
SAS00884,Circuit ID,CIR000884
SAS00884,Technology Type,Copper
SAS00885,Asset ID,SAS00885
SAS00885,Access Line ID,AL000885
SAS00885,Circuit ID,CIR000885
SAS00885,Technology Type,FTTP
SAS00886,Asset ID,SAS00886
SAS00886,Access Line ID,AL000886
SAS00886,Circuit ID,CIR000886
SAS00886,Technology Type,FTTC
SAS00887,Asset ID,SAS00887
SAS00887,Access Line ID,AL000887
SAS00887,Circuit ID,CIR000887
SAS00887,Technology Type,FTTC
SAS00888,Asset ID,SAS00888
SAS00888,Access Line ID,AL000888
SAS00888,Circuit ID,CIR000888
SAS00888,Technology Type,Copper
SAS00889,Asset ID,SAS00889
SAS00889,Access Line ID,AL000889
SAS00889,Circuit ID,CIR000889
SAS00889,Technology Type,FTTC
SAS00890,Asset ID,SAS00890
SAS00890,Access Line ID,AL000890
SAS00890,Circuit ID,CIR000890
SAS00890,Technology Type,Copper
SAS00891,Asset ID,SAS00891
SAS00891,Access Line ID,AL000891
SAS00891,Circuit ID,CIR000891
SAS00891,Technology Type,Copper
SAS00892,Asset ID,SAS00892
SAS00892,Access Line ID,AL000892
SAS00892,Circuit ID,CIR000892
SAS00892,Technology Type,FTTC
SAS00893,Asset ID,SAS00893
SAS00893,Access Line ID,AL000893
SAS00893,Circuit ID,CIR000893
SAS00893,Technology Type,FTTP
SAS00894,Asset ID,SAS00894
SAS00894,Access Line ID,AL000894
SAS00894,Circuit ID,CIR000894
SAS00894,Technology Type,FTTP
SAS00895,Asset ID,SAS00895
SAS00895,Access Line ID,AL000895
SAS00895,Circuit ID,CIR000895
SAS00895,Technology Type,Copper
SAS00896,Asset ID,SAS00896
SAS00896,Access Line ID,AL000896
SAS00896,Circuit ID,CIR000896
SAS00896,Technology Type,FTTC
SAS00897,Asset ID,SAS00897
SAS00897,Access Line ID,AL000897
SAS00897,Circuit ID,CIR000897
SAS00897,Technology Type,Copper
CSSS00898,Asset ID,SAS00898
CSSS00898,Access Line ID,AL000898
CSSS00898,Circuit ID,CIR000898
CSSS00898,Technology Type,Copper
SAS00899,Asset ID,SAS00899
SAS00899,Access Line ID,AL000899
SAS00899,Circuit ID,CIR000899
SAS00899,Technology Type,FTTC
SAS00900,Asset ID,SAS00900
SAS00900,Access Line ID,AL000900
SAS00900,Circuit ID,CIR000900
SAS00900,Technology Type,FTTP
SAS00901,Asset ID,SAS00901
SAS00901,Access Line ID,AL000901
SAS00901,Circuit ID,CIR000901
SAS00901,Technology Type,Copper
CSSS00902,Asset ID,SAS00902
CSSS00902,Access Line ID,AL000902
CSSS00902,Circuit ID,CIR000902
CSSS00902,Technology Type,FTTP
SAS00903,Asset ID,SAS00903
SAS00903,Access Line ID,AL000903
SAS00903,Circuit ID,CIR000903
SAS00903,Technology Type,FTTP
SAS00904,Asset ID,SAS00904
SAS00904,Access Line ID,AL000904
SAS00904,Circuit ID,CIR000904
SAS00904,Technology Type,Copper
SAS00905,Asset ID,SAS00905
SAS00905,Access Line ID,AL000905
SAS00905,Circuit ID,CIR000905
SAS00905,Technology Type,Copper
CSSS00906,Asset ID,SAS00906
CSSS00906,Access Line ID,AL000906
CSSS00906,Circuit ID,CIR000906
CSSS00906,Technology Type,FTTP
SAS00907,Asset ID,SAS00907
SAS00907,Access Line ID,AL000907
SAS00907,Circuit ID,CIR000907
SAS00907,Technology Type,Copper
SAS00908,Asset ID,SAS00908
SAS00908,Access Line ID,AL000908
SAS00908,Circuit ID,CIR000908
SAS00908,Technology Type,FTTP
SAS00909,Asset ID,SAS00909
SAS00909,Access Line ID,AL000909
SAS00909,Circuit ID,CIR000909
SAS00909,Technology Type,FTTC
SAS00910,Asset ID,SAS00910
SAS00910,Access Line ID,AL000910
SAS00910,Circuit ID,CIR000910
SAS00910,Technology Type,FTTC
SAS00911,Asset ID,SAS00911
SAS00911,Access Line ID,AL000911
SAS00911,Circuit ID,CIR000911
SAS00911,Technology Type,FTTC
SAS00912,Asset ID,SAS00912
SAS00912,Access Line ID,AL000912
SAS00912,Circuit ID,CIR000912
SAS00912,Technology Type,FTTC
SAS00913,Asset ID,SAS00913
SAS00913,Access Line ID,AL000913
SAS00913,Circuit ID,CIR000913
SAS00913,Technology Type,FTTP
SAS00914,Asset ID,SAS00914
SAS00914,Access Line ID,AL000914
SAS00914,Circuit ID,CIR000914
SAS00914,Technology Type,FTTP
SAS00915,Asset ID,SAS00915
SAS00915,Access Line ID,AL000915
SAS00915,Circuit ID,CIR000915
SAS00915,Technology Type,Copper
SAS00916,Asset ID,SAS00916
SAS00916,Access Line ID,AL000916
SAS00916,Circuit ID,CIR000916
SAS00916,Technology Type,FTTC
SAS00917,Asset ID,SAS00917
SAS00917,Access Line ID,AL000917
SAS00917,Circuit ID,CIR000917
SAS00917,Technology Type,FTTP
SAS00918,Asset ID,SAS00918
SAS00918,Access Line ID,AL000918
SAS00918,Circuit ID,CIR000918
SAS00918,Technology Type,Copper
CSSS00919,Asset ID,SAS00919
CSSS00919,Access Line ID,AL000919
CSSS00919,Circuit ID,CIR000919
CSSS00919,Technology Type,FTTP
SAS00920,Asset ID,SAS00920
SAS00920,Access Line ID,AL000920
SAS00920,Circuit ID,CIR000920
SAS00920,Technology Type,FTTC
CSSS00921,Asset ID,SAS00921
CSSS00921,Access Line ID,AL000921
CSSS00921,Circuit ID,CIR000921
CSSS00921,Technology Type,Copper
SAS00922,Asset ID,SAS00922
SAS00922,Access Line ID,AL000922
SAS00922,Circuit ID,CIR000922
SAS00922,Technology Type,Copper
SAS00923,Asset ID,SAS00923
SAS00923,Access Line ID,AL000923
SAS00923,Circuit ID,CIR000923
SAS00923,Technology Type,Copper
SAS00924,Asset ID,SAS00924
SAS00924,Access Line ID,AL000924
SAS00924,Circuit ID,CIR000924
SAS00924,Technology Type,FTTC
CSSS00925,Asset ID,SAS00925
CSSS00925,Access Line ID,AL000925
CSSS00925,Circuit ID,CIR000925
CSSS00925,Technology Type,Copper
SAS00926,Asset ID,SAS00926
SAS00926,Access Line ID,AL000926
SAS00926,Circuit ID,CIR000926
SAS00926,Technology Type,Copper
SAS00927,Asset ID,SAS00927
SAS00927,Access Line ID,AL000927
SAS00927,Circuit ID,CIR000927
SAS00927,Technology Type,FTTP
CSSS00928,Asset ID,SAS00928
CSSS00928,Access Line ID,AL000928
CSSS00928,Circuit ID,CIR000928
CSSS00928,Technology Type,FTTP
CSSS00929,Asset ID,SAS00929
CSSS00929,Access Line ID,AL000929
CSSS00929,Circuit ID,CIR000929
CSSS00929,Technology Type,Copper
CSSS00930,Asset ID,SAS00930
CSSS00930,Access Line ID,AL000930
CSSS00930,Circuit ID,CIR000930
CSSS00930,Technology Type,FTTC
CSSS00931,Asset ID,SAS00931
CSSS00931,Access Line ID,AL000931
CSSS00931,Circuit ID,CIR000931
CSSS00931,Technology Type,FTTP
SAS00932,Asset ID,SAS00932
SAS00932,Access Line ID,AL000932
SAS00932,Circuit ID,CIR000932
SAS00932,Technology Type,FTTP
SAS00933,Asset ID,SAS00933
SAS00933,Access Line ID,AL000933
SAS00933,Circuit ID,CIR000933
SAS00933,Technology Type,FTTP
SAS00934,Asset ID,SAS00934
SAS00934,Access Line ID,AL000934
SAS00934,Circuit ID,CIR000934
SAS00934,Technology Type,FTTP
SAS00935,Asset ID,SAS00935
SAS00935,Access Line ID,AL000935
SAS00935,Circuit ID,CIR000935
SAS00935,Technology Type,Copper
SAS00936,Asset ID,SAS00936
SAS00936,Access Line ID,AL000936
SAS00936,Circuit ID,CIR000936
SAS00936,Technology Type,Copper
SAS00937,Asset ID,SAS00937
SAS00937,Access Line ID,AL000937
SAS00937,Circuit ID,CIR000937
SAS00937,Technology Type,FTTC
CSSS00938,Asset ID,SAS00938
CSSS00938,Access Line ID,AL000938
CSSS00938,Circuit ID,CIR000938
CSSS00938,Technology Type,FTTP
SAS00939,Asset ID,SAS00939
SAS00939,Access Line ID,AL000939
SAS00939,Circuit ID,CIR000939
SAS00939,Technology Type,Copper
SAS00940,Asset ID,SAS00940
SAS00940,Access Line ID,AL000940
SAS00940,Circuit ID,CIR000940
SAS00940,Technology Type,Copper
SAS00941,Asset ID,SAS00941
SAS00941,Access Line ID,AL000941
SAS00941,Circuit ID,CIR000941
SAS00941,Technology Type,FTTP
SAS00942,Asset ID,SAS00942
SAS00942,Access Line ID,AL000942
SAS00942,Circuit ID,CIR000942
SAS00942,Technology Type,FTTC
SAS00943,Asset ID,SAS00943
SAS00943,Access Line ID,AL000943
SAS00943,Circuit ID,CIR000943
SAS00943,Technology Type,Copper
CSSS00944,Asset ID,SAS00944
CSSS00944,Access Line ID,AL000944
CSSS00944,Circuit ID,CIR000944
CSSS00944,Technology Type,FTTC
SAS00945,Asset ID,SAS00945
SAS00945,Access Line ID,AL000945
SAS00945,Circuit ID,CIR000945
SAS00945,Technology Type,FTTP
SAS00946,Asset ID,SAS00946
SAS00946,Access Line ID,AL000946
SAS00946,Circuit ID,CIR000946
SAS00946,Technology Type,FTTP
SAS00947,Asset ID,SAS00947
SAS00947,Access Line ID,AL000947
SAS00947,Circuit ID,CIR000947
SAS00947,Technology Type,FTTC
CSSS00948,Asset ID,SAS00948
CSSS00948,Access Line ID,AL000948
CSSS00948,Circuit ID,CIR000948
CSSS00948,Technology Type,FTTC
SAS00949,Asset ID,SAS00949
SAS00949,Access Line ID,AL000949
SAS00949,Circuit ID,CIR000949
SAS00949,Technology Type,FTTC
SAS00950,Asset ID,SAS00950
SAS00950,Access Line ID,AL000950
SAS00950,Circuit ID,CIR000950
SAS00950,Technology Type,Copper
SAS00951,Asset ID,SAS00951
SAS00951,Access Line ID,AL000951
SAS00951,Circuit ID,CIR000951
SAS00951,Technology Type,FTTC
SAS00952,Asset ID,SAS00952
SAS00952,Access Line ID,AL000952
SAS00952,Circuit ID,CIR000952
SAS00952,Technology Type,FTTP
SAS00953,Asset ID,SAS00953
SAS00953,Access Line ID,AL000953
SAS00953,Circuit ID,CIR000953
SAS00953,Technology Type,FTTC
SAS00954,Asset ID,SAS00954
SAS00954,Access Line ID,AL000954
SAS00954,Circuit ID,CIR000954
SAS00954,Technology Type,Copper
SAS00955,Asset ID,SAS00955
SAS00955,Access Line ID,AL000955
SAS00955,Circuit ID,CIR000955
SAS00955,Technology Type,FTTP
CSSS00956,Asset ID,SAS00956
CSSS00956,Access Line ID,AL000956
CSSS00956,Circuit ID,CIR000956
CSSS00956,Technology Type,FTTC
CSSS00957,Asset ID,SAS00957
CSSS00957,Access Line ID,AL000957
CSSS00957,Circuit ID,CIR000957
CSSS00957,Technology Type,Copper
SAS00958,Asset ID,SAS00958
SAS00958,Access Line ID,AL000958
SAS00958,Circuit ID,CIR000958
SAS00958,Technology Type,FTTC
SAS00959,Asset ID,SAS00959
SAS00959,Access Line ID,AL000959
SAS00959,Circuit ID,CIR000959
SAS00959,Technology Type,Copper
SAS00960,Asset ID,SAS00960
SAS00960,Access Line ID,AL000960
SAS00960,Circuit ID,CIR000960
SAS00960,Technology Type,FTTC
SAS00961,Asset ID,SAS00961
SAS00961,Access Line ID,AL000961
SAS00961,Circuit ID,CIR000961
SAS00961,Technology Type,Copper
SAS00962,Asset ID,SAS00962
SAS00962,Access Line ID,AL000962
SAS00962,Circuit ID,CIR000962
SAS00962,Technology Type,FTTP
SAS00963,Asset ID,SAS00963
SAS00963,Access Line ID,AL000963
SAS00963,Circuit ID,CIR000963
SAS00963,Technology Type,FTTP
SAS00964,Asset ID,SAS00964
SAS00964,Access Line ID,AL000964
SAS00964,Circuit ID,CIR000964
SAS00964,Technology Type,FTTP
SAS00965,Asset ID,SAS00965
SAS00965,Access Line ID,AL000965
SAS00965,Circuit ID,CIR000965
SAS00965,Technology Type,Copper
SAS00966,Asset ID,SAS00966
SAS00966,Access Line ID,AL000966
SAS00966,Circuit ID,CIR000966
SAS00966,Technology Type,Copper
SAS00967,Asset ID,SAS00967
SAS00967,Access Line ID,AL000967
SAS00967,Circuit ID,CIR000967
SAS00967,Technology Type,FTTP
SAS00968,Asset ID,SAS00968
SAS00968,Access Line ID,AL000968
SAS00968,Circuit ID,CIR000968
SAS00968,Technology Type,FTTC
SAS00969,Asset ID,SAS00969
SAS00969,Access Line ID,AL000969
SAS00969,Circuit ID,CIR000969
SAS00969,Technology Type,Copper
SAS00970,Asset ID,SAS00970
SAS00970,Access Line ID,AL000970
SAS00970,Circuit ID,CIR000970
SAS00970,Technology Type,FTTC
SAS00971,Asset ID,SAS00971
SAS00971,Access Line ID,AL000971
SAS00971,Circuit ID,CIR000971
SAS00971,Technology Type,Copper
SAS00972,Asset ID,SAS00972
SAS00972,Access Line ID,AL000972
SAS00972,Circuit ID,CIR000972
SAS00972,Technology Type,FTTC
SAS00973,Asset ID,SAS00973
SAS00973,Access Line ID,AL000973
SAS00973,Circuit ID,CIR000973
SAS00973,Technology Type,Copper
SAS00974,Asset ID,SAS00974
SAS00974,Access Line ID,AL000974
SAS00974,Circuit ID,CIR000974
SAS00974,Technology Type,FTTC
SAS00975,Asset ID,SAS00975
SAS00975,Access Line ID,AL000975
SAS00975,Circuit ID,CIR000975
SAS00975,Technology Type,FTTC
SAS00976,Asset ID,SAS00976
SAS00976,Access Line ID,AL000976
SAS00976,Circuit ID,CIR000976
SAS00976,Technology Type,FTTC
CSSS00977,Asset ID,SAS00977
CSSS00977,Access Line ID,AL000977
CSSS00977,Circuit ID,CIR000977
CSSS00977,Technology Type,Copper
CSSS00978,Asset ID,SAS00978
CSSS00978,Access Line ID,AL000978
CSSS00978,Circuit ID,CIR000978
CSSS00978,Technology Type,FTTP
SAS00979,Asset ID,SAS00979
SAS00979,Access Line ID,AL000979
SAS00979,Circuit ID,CIR000979
SAS00979,Technology Type,Copper
SAS00980,Asset ID,SAS00980
SAS00980,Access Line ID,AL000980
SAS00980,Circuit ID,CIR000980
SAS00980,Technology Type,FTTC
SAS00981,Asset ID,SAS00981
SAS00981,Access Line ID,AL000981
SAS00981,Circuit ID,CIR000981
SAS00981,Technology Type,FTTP
SAS00982,Asset ID,SAS00982
SAS00982,Access Line ID,AL000982
SAS00982,Circuit ID,CIR000982
SAS00982,Technology Type,FTTC
SAS00983,Asset ID,SAS00983
SAS00983,Access Line ID,AL000983
SAS00983,Circuit ID,CIR000983
SAS00983,Technology Type,Copper
SAS00984,Asset ID,SAS00984
SAS00984,Access Line ID,AL000984
SAS00984,Circuit ID,CIR000984
SAS00984,Technology Type,FTTC
SAS00985,Asset ID,SAS00985
SAS00985,Access Line ID,AL000985
SAS00985,Circuit ID,CIR000985
SAS00985,Technology Type,Copper
SAS00986,Asset ID,SAS00986
SAS00986,Access Line ID,AL000986
SAS00986,Circuit ID,CIR000986
SAS00986,Technology Type,FTTC
SAS00987,Asset ID,SAS00987
SAS00987,Access Line ID,AL000987
SAS00987,Circuit ID,CIR000987
SAS00987,Technology Type,Copper
SAS00988,Asset ID,SAS00988
SAS00988,Access Line ID,AL000988
SAS00988,Circuit ID,CIR000988
SAS00988,Technology Type,Copper
SAS00989,Asset ID,SAS00989
SAS00989,Access Line ID,AL000989
SAS00989,Circuit ID,CIR000989
SAS00989,Technology Type,FTTP
SAS00990,Asset ID,SAS00990
SAS00990,Access Line ID,AL000990
SAS00990,Circuit ID,CIR000990
SAS00990,Technology Type,Copper
SAS00991,Asset ID,SAS00991
SAS00991,Access Line ID,AL000991
SAS00991,Circuit ID,CIR000991
SAS00991,Technology Type,FTTP
SAS00992,Asset ID,SAS00992
SAS00992,Access Line ID,AL000992
SAS00992,Circuit ID,CIR000992
SAS00992,Technology Type,FTTC
SAS00993,Asset ID,SAS00993
SAS00993,Access Line ID,AL000993
SAS00993,Circuit ID,CIR000993
SAS00993,Technology Type,FTTP
SAS00994,Asset ID,SAS00994
SAS00994,Access Line ID,AL000994
SAS00994,Circuit ID,CIR000994
SAS00994,Technology Type,FTTC
CSSS00995,Asset ID,SAS00995
CSSS00995,Access Line ID,AL000995
CSSS00995,Circuit ID,CIR000995
CSSS00995,Technology Type,FTTC
SAS00996,Asset ID,SAS00996
SAS00996,Access Line ID,AL000996
SAS00996,Circuit ID,CIR000996
SAS00996,Technology Type,FTTP
CSSS00997,Asset ID,SAS00997
CSSS00997,Access Line ID,AL000997
CSSS00997,Circuit ID,CIR000997
CSSS00997,Technology Type,FTTC
SAS00998,Asset ID,SAS00998
SAS00998,Access Line ID,AL000998
SAS00998,Circuit ID,CIR000998
SAS00998,Technology Type,FTTC
CSSS00999,Asset ID,SAS00999
CSSS00999,Access Line ID,AL000999
CSSS00999,Circuit ID,CIR000999
CSSS00999,Technology Type,FTTP
SAS01000,Asset ID,SAS01000
SAS01000,Access Line ID,AL001000
SAS01000,Circuit ID,CIR001000
SAS01000,Technology Type,FTTC
