asset_id,attribute_name,attribute_value
SAS00001,Access Line ID,AL000001
SAS00001,Circuit ID,CIR000001
SAS00001,Postcode,MK4 7AA
SAS00001,Technology Type,FTTP
SAS00002,Access Line ID,AL000002
SAS00002,Circuit ID,CIR000002
SAS00002,Postcode,MK12 1AA
SAS00002,Technology Type,FTTP
SAS00003,Access Line ID,AL000003
SAS00003,Circuit ID,CIR000003
SAS00003,Postcode,MK12 9AA
SAS00003,Technology Type,FTTC
SAS00004,Access Line ID,AL000004
SAS00004,Circuit ID,CIR000004
SAS00004,Postcode,MK18 5AA
SAS00004,Technology Type,FTTC
SAS00005,Access Line ID,AL000005
SAS00005,Circuit ID,CIR000005
SAS00005,Postcode,MK5 2AA
SAS00005,Technology Type,Copper
SAS00006,Access Line ID,AL000006
SAS00006,Circuit ID,CIR000006
SAS00006,Postcode,MK18 6AA
SAS00006,Technology Type,FTTP
SAS00007,Access Line ID,AL000007
SAS00007,Circuit ID,CIR000007
SAS00007,Postcode,MK13 9AA
SAS00007,Technology Type,FTTC
SAS00008,Access Line ID,AL000008
SAS00008,Circuit ID,CIR000008
SAS00008,Postcode,MK16 9AA
SAS00008,Technology Type,FTTC
SAS00009,Access Line ID,AL000009
SAS00009,Circuit ID,CIR000009
SAS00009,Postcode,MK5 6AA
SAS00009,Technology Type,FTTC
SAS00010,Access Line ID,AL000010
SAS00010,Circuit ID,CIR000010
SAS00010,Postcode,MK20 5AA
SAS00010,Technology Type,Copper
SAS00011,Access Line ID,AL000011
SAS00011,Circuit ID,CIR000011
SAS00011,Postcode,MK18 8AA
SAS00011,Technology Type,FTTP
SAS00012,Access Line ID,AL000012
SAS00012,Circuit ID,CIR000012
SAS00012,Postcode,MK12 6AA
SAS00012,Technology Type,Copper
SAS00013,Access Line ID,AL000013
SAS00013,Circuit ID,CIR000013
SAS00013,Postcode,MK1 8AA
SAS00013,Technology Type,FTTC
SAS00014,Access Line ID,AL000014
SAS00014,Circuit ID,CIR000014
SAS00014,Postcode,MK2 8AA
SAS00014,Technology Type,Copper
SAS00015,Access Line ID,AL000015
SAS00015,Circuit ID,CIR000015
SAS00015,Postcode,MK5 4AA
SAS00015,Technology Type,Copper
SAS00016,Access Line ID,AL000016
SAS00016,Circuit ID,CIR000016
SAS00016,Postcode,MK7 1AA
SAS00016,Technology Type,Copper
SAS00017,Access Line ID,AL000017
SAS00017,Circuit ID,CIR000017
SAS00017,Postcode,MK7 7AA
SAS00017,Technology Type,FTTP
SAS00018,Access Line ID,AL000018
SAS00018,Circuit ID,CIR000018
SAS00018,Postcode,MK5 9AA
SAS00018,Technology Type,Copper
SAS00019,Access Line ID,AL000019
SAS00019,Circuit ID,CIR000019
SAS00019,Postcode,MK17 7AA
SAS00019,Technology Type,Copper
SAS00020,Access Line ID,AL000020
SAS00020,Circuit ID,CIR000020
SAS00020,Postcode,MK11 9AA
SAS00020,Technology Type,FTTC
SAS00021,Access Line ID,AL000021
SAS00021,Circuit ID,CIR000021
SAS00021,Postcode,MK20 8AA
SAS00021,Technology Type,Copper
SAS00022,Access Line ID,AL000022
SAS00022,Circuit ID,CIR000022
SAS00022,Postcode,MK8 5AA
SAS00022,Technology Type,FTTC
SAS00023,Access Line ID,AL000023
SAS00023,Circuit ID,CIR000023
SAS00023,Postcode,MK11 8AA
SAS00023,Technology Type,FTTP
SAS00024,Access Line ID,AL000024
SAS00024,Circuit ID,CIR000024
SAS00024,Postcode,MK10 2AA
SAS00024,Technology Type,Copper
SAS00025,Access Line ID,AL000025
SAS00025,Circuit ID,CIR000025
SAS00025,Postcode,MK12 3AA
SAS00025,Technology Type,Copper
SAS00026,Access Line ID,AL000026
SAS00026,Circuit ID,CIR000026
SAS00026,Postcode,MK12 8AA
SAS00026,Technology Type,FTTC
SAS00027,Access Line ID,AL000027
SAS00027,Circuit ID,CIR000027
SAS00027,Postcode,MK7 9AA
SAS00027,Technology Type,FTTP
SAS00028,Access Line ID,AL000028
SAS00028,Circuit ID,CIR000028
SAS00028,Postcode,MK4 4AA
SAS00028,Technology Type,Copper
SAS00029,Access Line ID,AL000029
SAS00029,Circuit ID,CIR000029
SAS00029,Postcode,MK8 4AA
SAS00029,Technology Type,FTTC
SAS00030,Access Line ID,AL000030
SAS00030,Circuit ID,CIR000030
SAS00030,Postcode,MK4 3AA
SAS00030,Technology Type,FTTC
SAS00031,Access Line ID,AL000031
SAS00031,Circuit ID,CIR000031
SAS00031,Postcode,MK14 8AA
SAS00031,Technology Type,Copper
SAS00032,Access Line ID,AL000032
SAS00032,Circuit ID,CIR000032
SAS00032,Postcode,MK11 5AA
SAS00032,Technology Type,Copper
SAS00033,Access Line ID,AL000033
SAS00033,Circuit ID,CIR000033
SAS00033,Postcode,MK19 4AA
SAS00033,Technology Type,FTTC
SAS00034,Access Line ID,AL000034
SAS00034,Circuit ID,CIR000034
SAS00034,Postcode,MK6 7AA
SAS00034,Technology Type,Copper
SAS00035,Access Line ID,AL000035
SAS00035,Circuit ID,CIR000035
SAS00035,Postcode,MK13 8AA
SAS00035,Technology Type,FTTC
SAS00036,Access Line ID,AL000036
SAS00036,Circuit ID,CIR000036
SAS00036,Postcode,MK2 1AA
SAS00036,Technology Type,Copper
SAS00037,Access Line ID,AL000037
SAS00037,Circuit ID,CIR000037
SAS00037,Postcode,MK10 8AA
SAS00037,Technology Type,Copper
SAS00038,Access Line ID,AL000038
SAS00038,Circuit ID,CIR000038
SAS00038,Postcode,MK17 8AA
SAS00038,Technology Type,Copper
SAS00039,Access Line ID,AL000039
SAS00039,Circuit ID,CIR000039
SAS00039,Postcode,MK6 8AA
SAS00039,Technology Type,FTTC
SAS00040,Access Line ID,AL000040
SAS00040,Circuit ID,CIR000040
SAS00040,Postcode,MK11 5AA
SAS00040,Technology Type,FTTP
SAS00041,Access Line ID,AL000041
SAS00041,Circuit ID,CIR000041
SAS00041,Postcode,MK20 7AA
SAS00041,Technology Type,Copper
SAS00042,Access Line ID,AL000042
SAS00042,Circuit ID,CIR000042
SAS00042,Postcode,MK13 2AA
SAS00042,Technology Type,FTTP
SAS00043,Access Line ID,AL000043
SAS00043,Circuit ID,CIR000043
SAS00043,Postcode,MK1 5AA
SAS00043,Technology Type,FTTC
SAS00044,Access Line ID,AL000044
SAS00044,Circuit ID,CIR000044
SAS00044,Postcode,MK11 5AA
SAS00044,Technology Type,FTTC
SAS00045,Access Line ID,AL000045
SAS00045,Circuit ID,CIR000045
SAS00045,Postcode,MK12 4AA
SAS00045,Technology Type,Copper
SAS00046,Access Line ID,AL000046
SAS00046,Circuit ID,CIR000046
SAS00046,Postcode,MK6 7AA
SAS00046,Technology Type,Copper
SAS00047,Access Line ID,AL000047
SAS00047,Circuit ID,CIR000047
SAS00047,Postcode,MK4 5AA
SAS00047,Technology Type,Copper
SAS00048,Access Line ID,AL000048
SAS00048,Circuit ID,CIR000048
SAS00048,Postcode,MK16 3AA
SAS00048,Technology Type,Copper
SAS00049,Access Line ID,AL000049
SAS00049,Circuit ID,CIR000049
SAS00049,Postcode,MK14 9AA
SAS00049,Technology Type,Copper
SAS00050,Access Line ID,AL000050
SAS00050,Circuit ID,CIR000050
SAS00050,Postcode,MK8 2AA
SAS00050,Technology Type,FTTP
SAS00051,Access Line ID,AL000051
SAS00051,Circuit ID,CIR000051
SAS00051,Postcode,MK3 2AA
SAS00051,Technology Type,FTTP
SAS00052,Access Line ID,AL000052
SAS00052,Circuit ID,CIR000052
SAS00052,Postcode,MK19 9AA
SAS00052,Technology Type,Copper
SAS00053,Access Line ID,AL000053
SAS00053,Circuit ID,CIR000053
SAS00053,Postcode,MK15 2AA
SAS00053,Technology Type,FTTC
SAS00054,Access Line ID,AL000054
SAS00054,Circuit ID,CIR000054
SAS00054,Postcode,MK3 9AA
SAS00054,Technology Type,FTTC
SAS00055,Access Line ID,AL000055
SAS00055,Circuit ID,CIR000055
SAS00055,Postcode,MK14 8AA
SAS00055,Technology Type,FTTC
SAS00056,Access Line ID,AL000056
SAS00056,Circuit ID,CIR000056
SAS00056,Postcode,MK1 7AA
SAS00056,Technology Type,FTTC
SAS00057,Access Line ID,AL000057
SAS00057,Circuit ID,CIR000057
SAS00057,Postcode,MK2 7AA
SAS00057,Technology Type,FTTC
SAS00058,Access Line ID,AL000058
SAS00058,Circuit ID,CIR000058
SAS00058,Postcode,MK3 8AA
SAS00058,Technology Type,Copper
SAS00059,Access Line ID,AL000059
SAS00059,Circuit ID,CIR000059
SAS00059,Postcode,MK14 6AA
SAS00059,Technology Type,FTTP
SAS00060,Access Line ID,AL000060
SAS00060,Circuit ID,CIR000060
SAS00060,Postcode,MK13 2AA
SAS00060,Technology Type,FTTP
SAS00061,Access Line ID,AL000061
SAS00061,Circuit ID,CIR000061
SAS00061,Postcode,MK12 2AA
SAS00061,Technology Type,Copper
SAS00062,Access Line ID,AL000062
SAS00062,Circuit ID,CIR000062
SAS00062,Postcode,MK8 1AA
SAS00062,Technology Type,Copper
SAS00063,Access Line ID,AL000063
SAS00063,Circuit ID,CIR000063
SAS00063,Postcode,MK18 7AA
SAS00063,Technology Type,FTTC
SAS00064,Access Line ID,AL000064
SAS00064,Circuit ID,CIR000064
SAS00064,Postcode,MK15 6AA
SAS00064,Technology Type,FTTP
SAS00065,Access Line ID,AL000065
SAS00065,Circuit ID,CIR000065
SAS00065,Postcode,MK2 7AA
SAS00065,Technology Type,FTTP
SAS00066,Access Line ID,AL000066
SAS00066,Circuit ID,CIR000066
SAS00066,Postcode,MK4 1AA
SAS00066,Technology Type,FTTC
SAS00067,Access Line ID,AL000067
SAS00067,Circuit ID,CIR000067
SAS00067,Postcode,MK8 1AA
SAS00067,Technology Type,Copper
SAS00068,Access Line ID,AL000068
SAS00068,Circuit ID,CIR000068
SAS00068,Postcode,MK2 3AA
SAS00068,Technology Type,FTTP
SAS00069,Access Line ID,AL000069
SAS00069,Circuit ID,CIR000069
SAS00069,Postcode,MK19 6AA
SAS00069,Technology Type,FTTP
SAS00070,Access Line ID,AL000070
SAS00070,Circuit ID,CIR000070
SAS00070,Postcode,MK8 7AA
SAS00070,Technology Type,FTTP
SAS00071,Access Line ID,AL000071
SAS00071,Circuit ID,CIR000071
SAS00071,Postcode,MK14 9AA
SAS00071,Technology Type,FTTP
SAS00072,Access Line ID,AL000072
SAS00072,Circuit ID,CIR000072
SAS00072,Postcode,MK17 6AA
SAS00072,Technology Type,FTTC
SAS00073,Access Line ID,AL000073
SAS00073,Circuit ID,CIR000073
SAS00073,Postcode,MK13 3AA
SAS00073,Technology Type,FTTP
SAS00074,Access Line ID,AL000074
SAS00074,Circuit ID,CIR000074
SAS00074,Postcode,MK10 3AA
SAS00074,Technology Type,Copper
SAS00075,Access Line ID,AL000075
SAS00075,Circuit ID,CIR000075
SAS00075,Postcode,MK14 9AA
SAS00075,Technology Type,FTTP
SAS00076,Access Line ID,AL000076
SAS00076,Circuit ID,CIR000076
SAS00076,Postcode,MK7 6AA
SAS00076,Technology Type,FTTC
SAS00077,Access Line ID,AL000077
SAS00077,Circuit ID,CIR000077
SAS00077,Postcode,MK3 9AA
SAS00077,Technology Type,FTTC
SAS00078,Access Line ID,AL000078
SAS00078,Circuit ID,CIR000078
SAS00078,Postcode,MK20 1AA
SAS00078,Technology Type,FTTC
SAS00079,Access Line ID,AL000079
SAS00079,Circuit ID,CIR000079
SAS00079,Postcode,MK16 4AA
SAS00079,Technology Type,FTTC
SAS00080,Access Line ID,AL000080
SAS00080,Circuit ID,CIR000080
SAS00080,Postcode,MK7 4AA
SAS00080,Technology Type,FTTP
SAS00081,Access Line ID,AL000081
SAS00081,Circuit ID,CIR000081
SAS00081,Postcode,MK8 4AA
SAS00081,Technology Type,Copper
SAS00082,Access Line ID,AL000082
SAS00082,Circuit ID,CIR000082
SAS00082,Postcode,MK13 8AA
SAS00082,Technology Type,FTTC
SAS00083,Access Line ID,AL000083
SAS00083,Circuit ID,CIR000083
SAS00083,Postcode,MK12 9AA
SAS00083,Technology Type,Copper
SAS00084,Access Line ID,AL000084
SAS00084,Circuit ID,CIR000084
SAS00084,Postcode,MK11 4AA
SAS00084,Technology Type,FTTP
SAS00085,Access Line ID,AL000085
SAS00085,Circuit ID,CIR000085
SAS00085,Postcode,MK5 1AA
SAS00085,Technology Type,FTTP
SAS00086,Access Line ID,AL000086
SAS00086,Circuit ID,CIR000086
SAS00086,Postcode,MK10 3AA
SAS00086,Technology Type,Copper
SAS00087,Access Line ID,AL000087
SAS00087,Circuit ID,CIR000087
SAS00087,Postcode,MK16 9AA
SAS00087,Technology Type,FTTP
SAS00088,Access Line ID,AL000088
SAS00088,Circuit ID,CIR000088
SAS00088,Postcode,MK16 8AA
SAS00088,Technology Type,Copper
SAS00089,Access Line ID,AL000089
SAS00089,Circuit ID,CIR000089
SAS00089,Postcode,MK5 9AA
SAS00089,Technology Type,Copper
SAS00090,Access Line ID,AL000090
SAS00090,Circuit ID,CIR000090
SAS00090,Postcode,MK17 1AA
SAS00090,Technology Type,FTTC
SAS00091,Access Line ID,AL000091
SAS00091,Circuit ID,CIR000091
SAS00091,Postcode,MK1 7AA
SAS00091,Technology Type,FTTC
SAS00092,Access Line ID,AL000092
SAS00092,Circuit ID,CIR000092
SAS00092,Postcode,MK1 4AA
SAS00092,Technology Type,Copper
SAS00093,Access Line ID,AL000093
SAS00093,Circuit ID,CIR000093
SAS00093,Postcode,MK16 1AA
SAS00093,Technology Type,FTTP
SAS00094,Access Line ID,AL000094
SAS00094,Circuit ID,CIR000094
SAS00094,Postcode,MK1 9AA
SAS00094,Technology Type,Copper
SAS00095,Access Line ID,AL000095
SAS00095,Circuit ID,CIR000095
SAS00095,Postcode,MK1 9AA
SAS00095,Technology Type,FTTP
SAS00096,Access Line ID,AL000096
SAS00096,Circuit ID,CIR000096
SAS00096,Postcode,MK4 2AA
SAS00096,Technology Type,Copper
SAS00097,Access Line ID,AL000097
SAS00097,Circuit ID,CIR000097
SAS00097,Postcode,MK9 6AA
SAS00097,Technology Type,FTTC
SAS00098,Access Line ID,AL000098
SAS00098,Circuit ID,CIR000098
SAS00098,Postcode,MK15 4AA
SAS00098,Technology Type,FTTP
SAS00099,Access Line ID,AL000099
SAS00099,Circuit ID,CIR000099
SAS00099,Postcode,MK2 2AA
SAS00099,Technology Type,FTTC
SAS00100,Access Line ID,AL000100
SAS00100,Circuit ID,CIR000100
SAS00100,Postcode,MK2 1AA
SAS00100,Technology Type,FTTP
SAS00101,Access Line ID,AL000101
SAS00101,Circuit ID,CIR000101
SAS00101,Postcode,MK11 2AA
SAS00101,Technology Type,FTTC
SAS00102,Access Line ID,AL000102
SAS00102,Circuit ID,CIR000102
SAS00102,Postcode,MK7 8AA
SAS00102,Technology Type,Copper
SAS00103,Access Line ID,AL000103
SAS00103,Circuit ID,CIR000103
SAS00103,Postcode,MK18 1AA
SAS00103,Technology Type,FTTC
SAS00104,Access Line ID,AL000104
SAS00104,Circuit ID,CIR000104
SAS00104,Postcode,MK19 3AA
SAS00104,Technology Type,FTTP
SAS00105,Access Line ID,AL000105
SAS00105,Circuit ID,CIR000105
SAS00105,Postcode,MK10 3AA
SAS00105,Technology Type,Copper
SAS00106,Access Line ID,AL000106
SAS00106,Circuit ID,CIR000106
SAS00106,Postcode,MK18 6AA
SAS00106,Technology Type,FTTC
SAS00107,Access Line ID,AL000107
SAS00107,Circuit ID,CIR000107
SAS00107,Postcode,MK17 6AA
SAS00107,Technology Type,Copper
SAS00108,Access Line ID,AL000108
SAS00108,Circuit ID,CIR000108
SAS00108,Postcode,MK11 7AA
SAS00108,Technology Type,FTTC
SAS00109,Access Line ID,AL000109
SAS00109,Circuit ID,CIR000109
SAS00109,Postcode,MK15 8AA
SAS00109,Technology Type,FTTP
SAS00110,Access Line ID,AL000110
SAS00110,Circuit ID,CIR000110
SAS00110,Postcode,MK14 3AA
SAS00110,Technology Type,FTTP
SAS00111,Access Line ID,AL000111
SAS00111,Circuit ID,CIR000111
SAS00111,Postcode,MK20 5AA
SAS00111,Technology Type,Copper
SAS00112,Access Line ID,AL000112
SAS00112,Circuit ID,CIR000112
SAS00112,Postcode,MK9 3AA
SAS00112,Technology Type,FTTC
SAS00113,Access Line ID,AL000113
SAS00113,Circuit ID,CIR000113
SAS00113,Postcode,MK13 6AA
SAS00113,Technology Type,Copper
SAS00114,Access Line ID,AL000114
SAS00114,Circuit ID,CIR000114
SAS00114,Postcode,MK15 6AA
SAS00114,Technology Type,FTTC
SAS00115,Access Line ID,AL000115
SAS00115,Circuit ID,CIR000115
SAS00115,Postcode,MK6 7AA
SAS00115,Technology Type,FTTP
SAS00116,Access Line ID,AL000116
SAS00116,Circuit ID,CIR000116
SAS00116,Postcode,MK4 1AA
SAS00116,Technology Type,Copper
SAS00117,Access Line ID,AL000117
SAS00117,Circuit ID,CIR000117
SAS00117,Postcode,MK13 1AA
SAS00117,Technology Type,FTTP
SAS00118,Access Line ID,AL000118
SAS00118,Circuit ID,CIR000118
SAS00118,Postcode,MK18 4AA
SAS00118,Technology Type,FTTP
SAS00119,Access Line ID,AL000119
SAS00119,Circuit ID,CIR000119
SAS00119,Postcode,MK6 3AA
SAS00119,Technology Type,Copper
SAS00120,Access Line ID,AL000120
SAS00120,Circuit ID,CIR000120
SAS00120,Postcode,MK3 3AA
SAS00120,Technology Type,FTTP
SAS00121,Access Line ID,AL000121
SAS00121,Circuit ID,CIR000121
SAS00121,Postcode,MK3 6AA
SAS00121,Technology Type,FTTP
SAS00122,Access Line ID,AL000122
SAS00122,Circuit ID,CIR000122
SAS00122,Postcode,MK20 4AA
SAS00122,Technology Type,FTTC
SAS00123,Access Line ID,AL000123
SAS00123,Circuit ID,CIR000123
SAS00123,Postcode,MK13 6AA
SAS00123,Technology Type,FTTC
SAS00124,Access Line ID,AL000124
SAS00124,Circuit ID,CIR000124
SAS00124,Postcode,MK15 6AA
SAS00124,Technology Type,Copper
SAS00125,Access Line ID,AL000125
SAS00125,Circuit ID,CIR000125
SAS00125,Postcode,MK10 6AA
SAS00125,Technology Type,Copper
SAS00126,Access Line ID,AL000126
SAS00126,Circuit ID,CIR000126
SAS00126,Postcode,MK6 7AA
SAS00126,Technology Type,Copper
SAS00127,Access Line ID,AL000127
SAS00127,Circuit ID,CIR000127
SAS00127,Postcode,MK19 4AA
SAS00127,Technology Type,FTTP
SAS00128,Access Line ID,AL000128
SAS00128,Circuit ID,CIR000128
SAS00128,Postcode,MK12 2AA
SAS00128,Technology Type,FTTP
SAS00129,Access Line ID,AL000129
SAS00129,Circuit ID,CIR000129
SAS00129,Postcode,MK18 1AA
SAS00129,Technology Type,Copper
SAS00130,Access Line ID,AL000130
SAS00130,Circuit ID,CIR000130
SAS00130,Postcode,MK15 5AA
SAS00130,Technology Type,Copper
SAS00131,Access Line ID,AL000131
SAS00131,Circuit ID,CIR000131
SAS00131,Postcode,MK16 3AA
SAS00131,Technology Type,Copper
SAS00132,Access Line ID,AL000132
SAS00132,Circuit ID,CIR000132
SAS00132,Postcode,MK14 7AA
SAS00132,Technology Type,FTTP
SAS00133,Access Line ID,AL000133
SAS00133,Circuit ID,CIR000133
SAS00133,Postcode,MK19 7AA
SAS00133,Technology Type,FTTP
SAS00134,Access Line ID,AL000134
SAS00134,Circuit ID,CIR000134
SAS00134,Postcode,MK18 1AA
SAS00134,Technology Type,Copper
SAS00135,Access Line ID,AL000135
SAS00135,Circuit ID,CIR000135
SAS00135,Postcode,MK20 2AA
SAS00135,Technology Type,FTTP
SAS00136,Access Line ID,AL000136
SAS00136,Circuit ID,CIR000136
SAS00136,Postcode,MK6 1AA
SAS00136,Technology Type,FTTC
SAS00137,Access Line ID,AL000137
SAS00137,Circuit ID,CIR000137
SAS00137,Postcode,MK11 7AA
SAS00137,Technology Type,Copper
SAS00138,Access Line ID,AL000138
SAS00138,Circuit ID,CIR000138
SAS00138,Postcode,MK17 9AA
SAS00138,Technology Type,FTTC
SAS00139,Access Line ID,AL000139
SAS00139,Circuit ID,CIR000139
SAS00139,Postcode,MK15 6AA
SAS00139,Technology Type,Copper
SAS00140,Access Line ID,AL000140
SAS00140,Circuit ID,CIR000140
SAS00140,Postcode,MK5 6AA
SAS00140,Technology Type,FTTP
SAS00141,Access Line ID,AL000141
SAS00141,Circuit ID,CIR000141
SAS00141,Postcode,MK3 2AA
SAS00141,Technology Type,FTTP
SAS00142,Access Line ID,AL000142
SAS00142,Circuit ID,CIR000142
SAS00142,Postcode,MK11 8AA
SAS00142,Technology Type,Copper
SAS00143,Access Line ID,AL000143
SAS00143,Circuit ID,CIR000143
SAS00143,Postcode,MK16 2AA
SAS00143,Technology Type,FTTC
SAS00144,Access Line ID,AL000144
SAS00144,Circuit ID,CIR000144
SAS00144,Postcode,MK3 5AA
SAS00144,Technology Type,Copper
SAS00145,Access Line ID,AL000145
SAS00145,Circuit ID,CIR000145
SAS00145,Postcode,MK4 3AA
SAS00145,Technology Type,Copper
SAS00146,Access Line ID,AL000146
SAS00146,Circuit ID,CIR000146
SAS00146,Postcode,MK18 3AA
SAS00146,Technology Type,Copper
SAS00147,Access Line ID,AL000147
SAS00147,Circuit ID,CIR000147
SAS00147,Postcode,MK8 7AA
SAS00147,Technology Type,Copper
SAS00148,Access Line ID,AL000148
SAS00148,Circuit ID,CIR000148
SAS00148,Postcode,MK13 1AA
SAS00148,Technology Type,FTTC
SAS00149,Access Line ID,AL000149
SAS00149,Circuit ID,CIR000149
SAS00149,Postcode,MK19 7AA
SAS00149,Technology Type,Copper
SAS00150,Access Line ID,AL000150
SAS00150,Circuit ID,CIR000150
SAS00150,Postcode,MK9 2AA
SAS00150,Technology Type,FTTC
SAS00151,Access Line ID,AL000151
SAS00151,Circuit ID,CIR000151
SAS00151,Postcode,MK6 6AA
SAS00151,Technology Type,FTTC
SAS00152,Access Line ID,AL000152
SAS00152,Circuit ID,CIR000152
SAS00152,Postcode,MK16 9AA
SAS00152,Technology Type,FTTC
SAS00153,Access Line ID,AL000153
SAS00153,Circuit ID,CIR000153
SAS00153,Postcode,MK20 7AA
SAS00153,Technology Type,Copper
SAS00154,Access Line ID,AL000154
SAS00154,Circuit ID,CIR000154
SAS00154,Postcode,MK20 3AA
SAS00154,Technology Type,FTTC
SAS00155,Access Line ID,AL000155
SAS00155,Circuit ID,CIR000155
SAS00155,Postcode,MK20 2AA
SAS00155,Technology Type,Copper
SAS00156,Access Line ID,AL000156
SAS00156,Circuit ID,CIR000156
SAS00156,Postcode,MK10 2AA
SAS00156,Technology Type,FTTC
SAS00157,Access Line ID,AL000157
SAS00157,Circuit ID,CIR000157
SAS00157,Postcode,MK13 7AA
SAS00157,Technology Type,FTTP
SAS00158,Access Line ID,AL000158
SAS00158,Circuit ID,CIR000158
SAS00158,Postcode,MK6 8AA
SAS00158,Technology Type,FTTC
SAS00159,Access Line ID,AL000159
SAS00159,Circuit ID,CIR000159
SAS00159,Postcode,MK18 3AA
SAS00159,Technology Type,Copper
SAS00160,Access Line ID,AL000160
SAS00160,Circuit ID,CIR000160
SAS00160,Postcode,MK15 1AA
SAS00160,Technology Type,FTTP
SAS00161,Access Line ID,AL000161
SAS00161,Circuit ID,CIR000161
SAS00161,Postcode,MK5 4AA
SAS00161,Technology Type,FTTP
SAS00162,Access Line ID,AL000162
SAS00162,Circuit ID,CIR000162
SAS00162,Postcode,MK16 7AA
SAS00162,Technology Type,FTTP
SAS00163,Access Line ID,AL000163
SAS00163,Circuit ID,CIR000163
SAS00163,Postcode,MK16 3AA
SAS00163,Technology Type,FTTP
SAS00164,Access Line ID,AL000164
SAS00164,Circuit ID,CIR000164
SAS00164,Postcode,MK10 1AA
SAS00164,Technology Type,Copper
SAS00165,Access Line ID,AL000165
SAS00165,Circuit ID,CIR000165
SAS00165,Postcode,MK15 8AA
SAS00165,Technology Type,FTTC
SAS00166,Access Line ID,AL000166
SAS00166,Circuit ID,CIR000166
SAS00166,Postcode,MK9 9AA
SAS00166,Technology Type,Copper
SAS00167,Access Line ID,AL000167
SAS00167,Circuit ID,CIR000167
SAS00167,Postcode,MK15 9AA
SAS00167,Technology Type,FTTP
SAS00168,Access Line ID,AL000168
SAS00168,Circuit ID,CIR000168
SAS00168,Postcode,MK10 1AA
SAS00168,Technology Type,FTTP
SAS00169,Access Line ID,AL000169
SAS00169,Circuit ID,CIR000169
SAS00169,Postcode,MK15 2AA
SAS00169,Technology Type,FTTP
SAS00170,Access Line ID,AL000170
SAS00170,Circuit ID,CIR000170
SAS00170,Postcode,MK20 7AA
SAS00170,Technology Type,FTTC
SAS00171,Access Line ID,AL000171
SAS00171,Circuit ID,CIR000171
SAS00171,Postcode,MK7 1AA
SAS00171,Technology Type,Copper
SAS00172,Access Line ID,AL000172
SAS00172,Circuit ID,CIR000172
SAS00172,Postcode,MK11 5AA
SAS00172,Technology Type,FTTP
SAS00173,Access Line ID,AL000173
SAS00173,Circuit ID,CIR000173
SAS00173,Postcode,MK4 3AA
SAS00173,Technology Type,Copper
SAS00174,Access Line ID,AL000174
SAS00174,Circuit ID,CIR000174
SAS00174,Postcode,MK5 3AA
SAS00174,Technology Type,FTTP
SAS00175,Access Line ID,AL000175
SAS00175,Circuit ID,CIR000175
SAS00175,Postcode,MK13 8AA
SAS00175,Technology Type,FTTC
SAS00176,Access Line ID,AL000176
SAS00176,Circuit ID,CIR000176
SAS00176,Postcode,MK13 8AA
SAS00176,Technology Type,Copper
SAS00177,Access Line ID,AL000177
SAS00177,Circuit ID,CIR000177
SAS00177,Postcode,MK13 9AA
SAS00177,Technology Type,Copper
SAS00178,Access Line ID,AL000178
SAS00178,Circuit ID,CIR000178
SAS00178,Postcode,MK15 8AA
SAS00178,Technology Type,FTTP
SAS00179,Access Line ID,AL000179
SAS00179,Circuit ID,CIR000179
SAS00179,Postcode,MK15 6AA
SAS00179,Technology Type,Copper
SAS00180,Access Line ID,AL000180
SAS00180,Circuit ID,CIR000180
SAS00180,Postcode,MK7 7AA
SAS00180,Technology Type,FTTC
SAS00181,Access Line ID,AL000181
SAS00181,Circuit ID,CIR000181
SAS00181,Postcode,MK10 6AA
SAS00181,Technology Type,FTTC
SAS00182,Access Line ID,AL000182
SAS00182,Circuit ID,CIR000182
SAS00182,Postcode,MK11 1AA
SAS00182,Technology Type,Copper
SAS00183,Access Line ID,AL000183
SAS00183,Circuit ID,CIR000183
SAS00183,Postcode,MK1 2AA
SAS00183,Technology Type,FTTC
SAS00184,Access Line ID,AL000184
SAS00184,Circuit ID,CIR000184
SAS00184,Postcode,MK14 4AA
SAS00184,Technology Type,FTTC
SAS00185,Access Line ID,AL000185
SAS00185,Circuit ID,CIR000185
SAS00185,Postcode,MK6 5AA
SAS00185,Technology Type,FTTC
SAS00186,Access Line ID,AL000186
SAS00186,Circuit ID,CIR000186
SAS00186,Postcode,MK12 3AA
SAS00186,Technology Type,Copper
SAS00187,Access Line ID,AL000187
SAS00187,Circuit ID,CIR000187
SAS00187,Postcode,MK14 2AA
SAS00187,Technology Type,FTTP
SAS00188,Access Line ID,AL000188
SAS00188,Circuit ID,CIR000188
SAS00188,Postcode,MK3 3AA
SAS00188,Technology Type,FTTC
SAS00189,Access Line ID,AL000189
SAS00189,Circuit ID,CIR000189
SAS00189,Postcode,MK1 1AA
SAS00189,Technology Type,FTTC
SAS00190,Access Line ID,AL000190
SAS00190,Circuit ID,CIR000190
SAS00190,Postcode,MK5 8AA
SAS00190,Technology Type,FTTP
SAS00191,Access Line ID,AL000191
SAS00191,Circuit ID,CIR000191
SAS00191,Postcode,MK4 6AA
SAS00191,Technology Type,FTTC
SAS00192,Access Line ID,AL000192
SAS00192,Circuit ID,CIR000192
SAS00192,Postcode,MK5 2AA
SAS00192,Technology Type,FTTP
SAS00193,Access Line ID,AL000193
SAS00193,Circuit ID,CIR000193
SAS00193,Postcode,MK15 6AA
SAS00193,Technology Type,Copper
SAS00194,Access Line ID,AL000194
SAS00194,Circuit ID,CIR000194
SAS00194,Postcode,MK14 8AA
SAS00194,Technology Type,FTTC
SAS00195,Access Line ID,AL000195
SAS00195,Circuit ID,CIR000195
SAS00195,Postcode,MK5 2AA
SAS00195,Technology Type,FTTC
SAS00196,Access Line ID,AL000196
SAS00196,Circuit ID,CIR000196
SAS00196,Postcode,MK11 3AA
SAS00196,Technology Type,Copper
SAS00197,Access Line ID,AL000197
SAS00197,Circuit ID,CIR000197
SAS00197,Postcode,MK18 5AA
SAS00197,Technology Type,FTTP
SAS00198,Access Line ID,AL000198
SAS00198,Circuit ID,CIR000198
SAS00198,Postcode,MK7 9AA
SAS00198,Technology Type,Copper
SAS00199,Access Line ID,AL000199
SAS00199,Circuit ID,CIR000199
SAS00199,Postcode,MK10 1AA
SAS00199,Technology Type,Copper
SAS00200,Access Line ID,AL000200
SAS00200,Circuit ID,CIR000200
SAS00200,Postcode,MK8 8AA
SAS00200,Technology Type,FTTC
SAS00201,Access Line ID,AL000201
SAS00201,Circuit ID,CIR000201
SAS00201,Postcode,MK12 6AA
SAS00201,Technology Type,Copper
SAS00202,Access Line ID,AL000202
SAS00202,Circuit ID,CIR000202
SAS00202,Postcode,MK12 9AA
SAS00202,Technology Type,FTTP
SAS00203,Access Line ID,AL000203
SAS00203,Circuit ID,CIR000203
SAS00203,Postcode,MK1 2AA
SAS00203,Technology Type,FTTC
SAS00204,Access Line ID,AL000204
SAS00204,Circuit ID,CIR000204
SAS00204,Postcode,MK13 9AA
SAS00204,Technology Type,FTTP
SAS00205,Access Line ID,AL000205
SAS00205,Circuit ID,CIR000205
SAS00205,Postcode,MK14 7AA
SAS00205,Technology Type,Copper
SAS00206,Access Line ID,AL000206
SAS00206,Circuit ID,CIR000206
SAS00206,Postcode,MK9 2AA
SAS00206,Technology Type,Copper
SAS00207,Access Line ID,AL000207
SAS00207,Circuit ID,CIR000207
SAS00207,Postcode,MK5 9AA
SAS00207,Technology Type,FTTC
SAS00208,Access Line ID,AL000208
SAS00208,Circuit ID,CIR000208
SAS00208,Postcode,MK10 7AA
SAS00208,Technology Type,FTTP
SAS00209,Access Line ID,AL000209
SAS00209,Circuit ID,CIR000209
SAS00209,Postcode,MK14 2AA
SAS00209,Technology Type,FTTC
SAS00210,Access Line ID,AL000210
SAS00210,Circuit ID,CIR000210
SAS00210,Postcode,MK6 2AA
SAS00210,Technology Type,Copper
SAS00211,Access Line ID,AL000211
SAS00211,Circuit ID,CIR000211
SAS00211,Postcode,MK6 8AA
SAS00211,Technology Type,Copper
SAS00212,Access Line ID,AL000212
SAS00212,Circuit ID,CIR000212
SAS00212,Postcode,MK6 6AA
SAS00212,Technology Type,FTTP
SAS00213,Access Line ID,AL000213
SAS00213,Circuit ID,CIR000213
SAS00213,Postcode,MK4 1AA
SAS00213,Technology Type,Copper
SAS00214,Access Line ID,AL000214
SAS00214,Circuit ID,CIR000214
SAS00214,Postcode,MK9 2AA
SAS00214,Technology Type,FTTP
SAS00215,Access Line ID,AL000215
SAS00215,Circuit ID,CIR000215
SAS00215,Postcode,MK16 3AA
SAS00215,Technology Type,FTTP
SAS00216,Access Line ID,AL000216
SAS00216,Circuit ID,CIR000216
SAS00216,Postcode,MK19 2AA
SAS00216,Technology Type,FTTC
SAS00217,Access Line ID,AL000217
SAS00217,Circuit ID,CIR000217
SAS00217,Postcode,MK1 4AA
SAS00217,Technology Type,Copper
SAS00218,Access Line ID,AL000218
SAS00218,Circuit ID,CIR000218
SAS00218,Postcode,MK6 1AA
SAS00218,Technology Type,FTTP
SAS00219,Access Line ID,AL000219
SAS00219,Circuit ID,CIR000219
SAS00219,Postcode,MK8 6AA
SAS00219,Technology Type,Copper
SAS00220,Access Line ID,AL000220
SAS00220,Circuit ID,CIR000220
SAS00220,Postcode,MK9 2AA
SAS00220,Technology Type,FTTP
SAS00221,Access Line ID,AL000221
SAS00221,Circuit ID,CIR000221
SAS00221,Postcode,MK6 4AA
SAS00221,Technology Type,FTTP
SAS00222,Access Line ID,AL000222
SAS00222,Circuit ID,CIR000222
SAS00222,Postcode,MK3 8AA
SAS00222,Technology Type,Copper
SAS00223,Access Line ID,AL000223
SAS00223,Circuit ID,CIR000223
SAS00223,Postcode,MK11 2AA
SAS00223,Technology Type,FTTP
SAS00224,Access Line ID,AL000224
SAS00224,Circuit ID,CIR000224
SAS00224,Postcode,MK10 5AA
SAS00224,Technology Type,FTTP
SAS00225,Access Line ID,AL000225
SAS00225,Circuit ID,CIR000225
SAS00225,Postcode,MK19 8AA
SAS00225,Technology Type,Copper
SAS00226,Access Line ID,AL000226
SAS00226,Circuit ID,CIR000226
SAS00226,Postcode,MK5 1AA
SAS00226,Technology Type,FTTC
SAS00227,Access Line ID,AL000227
SAS00227,Circuit ID,CIR000227
SAS00227,Postcode,MK1 6AA
SAS00227,Technology Type,FTTP
SAS00228,Access Line ID,AL000228
SAS00228,Circuit ID,CIR000228
SAS00228,Postcode,MK4 4AA
SAS00228,Technology Type,Copper
SAS00229,Access Line ID,AL000229
SAS00229,Circuit ID,CIR000229
SAS00229,Postcode,MK5 5AA
SAS00229,Technology Type,FTTC
SAS00230,Access Line ID,AL000230
SAS00230,Circuit ID,CIR000230
SAS00230,Postcode,MK14 6AA
SAS00230,Technology Type,FTTC
SAS00231,Access Line ID,AL000231
SAS00231,Circuit ID,CIR000231
SAS00231,Postcode,MK17 3AA
SAS00231,Technology Type,Copper
SAS00232,Access Line ID,AL000232
SAS00232,Circuit ID,CIR000232
SAS00232,Postcode,MK14 3AA
SAS00232,Technology Type,FTTP
SAS00233,Access Line ID,AL000233
SAS00233,Circuit ID,CIR000233
SAS00233,Postcode,MK13 6AA
SAS00233,Technology Type,FTTP
SAS00234,Access Line ID,AL000234
SAS00234,Circuit ID,CIR000234
SAS00234,Postcode,MK7 3AA
SAS00234,Technology Type,FTTP
SAS00235,Access Line ID,AL000235
SAS00235,Circuit ID,CIR000235
SAS00235,Postcode,MK6 8AA
SAS00235,Technology Type,Copper
SAS00236,Access Line ID,AL000236
SAS00236,Circuit ID,CIR000236
SAS00236,Postcode,MK12 4AA
SAS00236,Technology Type,FTTP
SAS00237,Access Line ID,AL000237
SAS00237,Circuit ID,CIR000237
SAS00237,Postcode,MK3 3AA
SAS00237,Technology Type,FTTP
SAS00238,Access Line ID,AL000238
SAS00238,Circuit ID,CIR000238
SAS00238,Postcode,MK7 6AA
SAS00238,Technology Type,Copper
SAS00239,Access Line ID,AL000239
SAS00239,Circuit ID,CIR000239
SAS00239,Postcode,MK13 9AA
SAS00239,Technology Type,FTTC
SAS00240,Access Line ID,AL000240
SAS00240,Circuit ID,CIR000240
SAS00240,Postcode,MK1 7AA
SAS00240,Technology Type,Copper
SAS00241,Access Line ID,AL000241
SAS00241,Circuit ID,CIR000241
SAS00241,Postcode,MK4 8AA
SAS00241,Technology Type,FTTP
SAS00242,Access Line ID,AL000242
SAS00242,Circuit ID,CIR000242
SAS00242,Postcode,MK8 3AA
SAS00242,Technology Type,FTTC
SAS00243,Access Line ID,AL000243
SAS00243,Circuit ID,CIR000243
SAS00243,Postcode,MK19 5AA
SAS00243,Technology Type,FTTP
SAS00244,Access Line ID,AL000244
SAS00244,Circuit ID,CIR000244
SAS00244,Postcode,MK7 8AA
SAS00244,Technology Type,FTTC
SAS00245,Access Line ID,AL000245
SAS00245,Circuit ID,CIR000245
SAS00245,Postcode,MK4 1AA
SAS00245,Technology Type,FTTC
SAS00246,Access Line ID,AL000246
SAS00246,Circuit ID,CIR000246
SAS00246,Postcode,MK13 8AA
SAS00246,Technology Type,FTTP
SAS00247,Access Line ID,AL000247
SAS00247,Circuit ID,CIR000247
SAS00247,Postcode,MK12 4AA
SAS00247,Technology Type,FTTP
SAS00248,Access Line ID,AL000248
SAS00248,Circuit ID,CIR000248
SAS00248,Postcode,MK5 1AA
SAS00248,Technology Type,FTTC
SAS00249,Access Line ID,AL000249
SAS00249,Circuit ID,CIR000249
SAS00249,Postcode,MK16 7AA
SAS00249,Technology Type,Copper
SAS00250,Access Line ID,AL000250
SAS00250,Circuit ID,CIR000250
SAS00250,Postcode,MK9 7AA
SAS00250,Technology Type,Copper
SAS00251,Access Line ID,AL000251
SAS00251,Circuit ID,CIR000251
SAS00251,Postcode,MK8 9AA
SAS00251,Technology Type,FTTP
SAS00252,Access Line ID,AL000252
SAS00252,Circuit ID,CIR000252
SAS00252,Postcode,MK16 9AA
SAS00252,Technology Type,FTTC
SAS00253,Access Line ID,AL000253
SAS00253,Circuit ID,CIR000253
SAS00253,Postcode,MK11 7AA
SAS00253,Technology Type,FTTP
SAS00254,Access Line ID,AL000254
SAS00254,Circuit ID,CIR000254
SAS00254,Postcode,MK1 5AA
SAS00254,Technology Type,FTTC
SAS00255,Access Line ID,AL000255
SAS00255,Circuit ID,CIR000255
SAS00255,Postcode,MK6 2AA
SAS00255,Technology Type,FTTP
SAS00256,Access Line ID,AL000256
SAS00256,Circuit ID,CIR000256
SAS00256,Postcode,MK2 4AA
SAS00256,Technology Type,Copper
SAS00257,Access Line ID,AL000257
SAS00257,Circuit ID,CIR000257
SAS00257,Postcode,MK6 4AA
SAS00257,Technology Type,FTTP
SAS00258,Access Line ID,AL000258
SAS00258,Circuit ID,CIR000258
SAS00258,Postcode,MK19 1AA
SAS00258,Technology Type,FTTP
SAS00259,Access Line ID,AL000259
SAS00259,Circuit ID,CIR000259
SAS00259,Postcode,MK19 4AA
SAS00259,Technology Type,Copper
SAS00260,Access Line ID,AL000260
SAS00260,Circuit ID,CIR000260
SAS00260,Postcode,MK16 1AA
SAS00260,Technology Type,FTTP
SAS00261,Access Line ID,AL000261
SAS00261,Circuit ID,CIR000261
SAS00261,Postcode,MK1 9AA
SAS00261,Technology Type,FTTC
SAS00262,Access Line ID,AL000262
SAS00262,Circuit ID,CIR000262
SAS00262,Postcode,MK5 6AA
SAS00262,Technology Type,FTTC
SAS00263,Access Line ID,AL000263
SAS00263,Circuit ID,CIR000263
SAS00263,Postcode,MK2 1AA
SAS00263,Technology Type,FTTC
SAS00264,Access Line ID,AL000264
SAS00264,Circuit ID,CIR000264
SAS00264,Postcode,MK4 9AA
SAS00264,Technology Type,Copper
SAS00265,Access Line ID,AL000265
SAS00265,Circuit ID,CIR000265
SAS00265,Postcode,MK13 2AA
SAS00265,Technology Type,FTTP
SAS00266,Access Line ID,AL000266
SAS00266,Circuit ID,CIR000266
SAS00266,Postcode,MK14 8AA
SAS00266,Technology Type,FTTP
SAS00267,Access Line ID,AL000267
SAS00267,Circuit ID,CIR000267
SAS00267,Postcode,MK8 3AA
SAS00267,Technology Type,FTTP
SAS00268,Access Line ID,AL000268
SAS00268,Circuit ID,CIR000268
SAS00268,Postcode,MK5 3AA
SAS00268,Technology Type,FTTP
SAS00269,Access Line ID,AL000269
SAS00269,Circuit ID,CIR000269
SAS00269,Postcode,MK19 1AA
SAS00269,Technology Type,FTTC
SAS00270,Access Line ID,AL000270
SAS00270,Circuit ID,CIR000270
SAS00270,Postcode,MK19 2AA
SAS00270,Technology Type,Copper
SAS00271,Access Line ID,AL000271
SAS00271,Circuit ID,CIR000271
SAS00271,Postcode,MK8 6AA
SAS00271,Technology Type,FTTP
SAS00272,Access Line ID,AL000272
SAS00272,Circuit ID,CIR000272
SAS00272,Postcode,MK11 8AA
SAS00272,Technology Type,FTTC
SAS00273,Access Line ID,AL000273
SAS00273,Circuit ID,CIR000273
SAS00273,Postcode,MK12 5AA
SAS00273,Technology Type,FTTP
SAS00274,Access Line ID,AL000274
SAS00274,Circuit ID,CIR000274
SAS00274,Postcode,MK13 8AA
SAS00274,Technology Type,FTTC
SAS00275,Access Line ID,AL000275
SAS00275,Circuit ID,CIR000275
SAS00275,Postcode,MK16 7AA
SAS00275,Technology Type,FTTP
SAS00276,Access Line ID,AL000276
SAS00276,Circuit ID,CIR000276
SAS00276,Postcode,MK19 4AA
SAS00276,Technology Type,Copper
SAS00277,Access Line ID,AL000277
SAS00277,Circuit ID,CIR000277
SAS00277,Postcode,MK10 1AA
SAS00277,Technology Type,FTTP
SAS00278,Access Line ID,AL000278
SAS00278,Circuit ID,CIR000278
SAS00278,Postcode,MK11 3AA
SAS00278,Technology Type,FTTP
SAS00279,Access Line ID,AL000279
SAS00279,Circuit ID,CIR000279
SAS00279,Postcode,MK18 2AA
SAS00279,Technology Type,FTTP
SAS00280,Access Line ID,AL000280
SAS00280,Circuit ID,CIR000280
SAS00280,Postcode,MK1 7AA
SAS00280,Technology Type,Copper
SAS00281,Access Line ID,AL000281
SAS00281,Circuit ID,CIR000281
SAS00281,Postcode,MK6 1AA
SAS00281,Technology Type,Copper
SAS00282,Access Line ID,AL000282
SAS00282,Circuit ID,CIR000282
SAS00282,Postcode,MK14 9AA
SAS00282,Technology Type,FTTP
SAS00283,Access Line ID,AL000283
SAS00283,Circuit ID,CIR000283
SAS00283,Postcode,MK10 4AA
SAS00283,Technology Type,Copper
SAS00284,Access Line ID,AL000284
SAS00284,Circuit ID,CIR000284
SAS00284,Postcode,MK5 1AA
SAS00284,Technology Type,FTTC
SAS00285,Access Line ID,AL000285
SAS00285,Circuit ID,CIR000285
SAS00285,Postcode,MK20 8AA
SAS00285,Technology Type,FTTC
SAS00286,Access Line ID,AL000286
SAS00286,Circuit ID,CIR000286
SAS00286,Postcode,MK10 2AA
SAS00286,Technology Type,FTTC
SAS00287,Access Line ID,AL000287
SAS00287,Circuit ID,CIR000287
SAS00287,Postcode,MK16 8AA
SAS00287,Technology Type,FTTC
SAS00288,Access Line ID,AL000288
SAS00288,Circuit ID,CIR000288
SAS00288,Postcode,MK6 6AA
SAS00288,Technology Type,Copper
SAS00289,Access Line ID,AL000289
SAS00289,Circuit ID,CIR000289
SAS00289,Postcode,MK2 5AA
SAS00289,Technology Type,FTTP
SAS00290,Access Line ID,AL000290
SAS00290,Circuit ID,CIR000290
SAS00290,Postcode,MK19 1AA
SAS00290,Technology Type,FTTP
SAS00291,Access Line ID,AL000291
SAS00291,Circuit ID,CIR000291
SAS00291,Postcode,MK12 9AA
SAS00291,Technology Type,Copper
SAS00292,Access Line ID,AL000292
SAS00292,Circuit ID,CIR000292
SAS00292,Postcode,MK13 9AA
SAS00292,Technology Type,Copper
SAS00293,Access Line ID,AL000293
SAS00293,Circuit ID,CIR000293
SAS00293,Postcode,MK19 4AA
SAS00293,Technology Type,Copper
SAS00294,Access Line ID,AL000294
SAS00294,Circuit ID,CIR000294
SAS00294,Postcode,MK17 9AA
SAS00294,Technology Type,FTTP
SAS00295,Access Line ID,AL000295
SAS00295,Circuit ID,CIR000295
SAS00295,Postcode,MK4 8AA
SAS00295,Technology Type,Copper
SAS00296,Access Line ID,AL000296
SAS00296,Circuit ID,CIR000296
SAS00296,Postcode,MK5 1AA
SAS00296,Technology Type,FTTC
SAS00297,Access Line ID,AL000297
SAS00297,Circuit ID,CIR000297
SAS00297,Postcode,MK7 3AA
SAS00297,Technology Type,FTTC
SAS00298,Access Line ID,AL000298
SAS00298,Circuit ID,CIR000298
SAS00298,Postcode,MK3 7AA
SAS00298,Technology Type,Copper
SAS00299,Access Line ID,AL000299
SAS00299,Circuit ID,CIR000299
SAS00299,Postcode,MK17 8AA
SAS00299,Technology Type,FTTP
SAS00300,Access Line ID,AL000300
SAS00300,Circuit ID,CIR000300
SAS00300,Postcode,MK14 2AA
SAS00300,Technology Type,FTTC
SAS00301,Access Line ID,AL000301
SAS00301,Circuit ID,CIR000301
SAS00301,Postcode,MK4 2AA
SAS00301,Technology Type,FTTC
SAS00302,Access Line ID,AL000302
SAS00302,Circuit ID,CIR000302
SAS00302,Postcode,MK14 5AA
SAS00302,Technology Type,FTTP
SAS00303,Access Line ID,AL000303
SAS00303,Circuit ID,CIR000303
SAS00303,Postcode,MK2 3AA
SAS00303,Technology Type,Copper
SAS00304,Access Line ID,AL000304
SAS00304,Circuit ID,CIR000304
SAS00304,Postcode,MK2 7AA
SAS00304,Technology Type,FTTP
SAS00305,Access Line ID,AL000305
SAS00305,Circuit ID,CIR000305
SAS00305,Postcode,MK16 5AA
SAS00305,Technology Type,FTTP
SAS00306,Access Line ID,AL000306
SAS00306,Circuit ID,CIR000306
SAS00306,Postcode,MK10 5AA
SAS00306,Technology Type,FTTP
SAS00307,Access Line ID,AL000307
SAS00307,Circuit ID,CIR000307
SAS00307,Postcode,MK8 3AA
SAS00307,Technology Type,FTTP
SAS00308,Access Line ID,AL000308
SAS00308,Circuit ID,CIR000308
SAS00308,Postcode,MK9 7AA
SAS00308,Technology Type,Copper
SAS00309,Access Line ID,AL000309
SAS00309,Circuit ID,CIR000309
SAS00309,Postcode,MK7 7AA
SAS00309,Technology Type,Copper
SAS00310,Access Line ID,AL000310
SAS00310,Circuit ID,CIR000310
SAS00310,Postcode,MK2 9AA
SAS00310,Technology Type,FTTP
SAS00311,Access Line ID,AL000311
SAS00311,Circuit ID,CIR000311
SAS00311,Postcode,MK13 3AA
SAS00311,Technology Type,FTTC
SAS00312,Access Line ID,AL000312
SAS00312,Circuit ID,CIR000312
SAS00312,Postcode,MK6 4AA
SAS00312,Technology Type,Copper
SAS00313,Access Line ID,AL000313
SAS00313,Circuit ID,CIR000313
SAS00313,Postcode,MK2 8AA
SAS00313,Technology Type,FTTC
SAS00314,Access Line ID,AL000314
SAS00314,Circuit ID,CIR000314
SAS00314,Postcode,MK12 8AA
SAS00314,Technology Type,FTTP
SAS00315,Access Line ID,AL000315
SAS00315,Circuit ID,CIR000315
SAS00315,Postcode,MK1 4AA
SAS00315,Technology Type,FTTP
SAS00316,Access Line ID,AL000316
SAS00316,Circuit ID,CIR000316
SAS00316,Postcode,MK16 9AA
SAS00316,Technology Type,FTTP
SAS00317,Access Line ID,AL000317
SAS00317,Circuit ID,CIR000317
SAS00317,Postcode,MK3 5AA
SAS00317,Technology Type,FTTP
SAS00318,Access Line ID,AL000318
SAS00318,Circuit ID,CIR000318
SAS00318,Postcode,MK8 4AA
SAS00318,Technology Type,FTTP
SAS00319,Access Line ID,AL000319
SAS00319,Circuit ID,CIR000319
SAS00319,Postcode,MK17 1AA
SAS00319,Technology Type,FTTC
SAS00320,Access Line ID,AL000320
SAS00320,Circuit ID,CIR000320
SAS00320,Postcode,MK6 1AA
SAS00320,Technology Type,Copper
SAS00321,Access Line ID,AL000321
SAS00321,Circuit ID,CIR000321
SAS00321,Postcode,MK9 7AA
SAS00321,Technology Type,FTTP
SAS00322,Access Line ID,AL000322
SAS00322,Circuit ID,CIR000322
SAS00322,Postcode,MK9 4AA
SAS00322,Technology Type,FTTP
SAS00323,Access Line ID,AL000323
SAS00323,Circuit ID,CIR000323
SAS00323,Postcode,MK19 2AA
SAS00323,Technology Type,FTTP
SAS00324,Access Line ID,AL000324
SAS00324,Circuit ID,CIR000324
SAS00324,Postcode,MK18 5AA
SAS00324,Technology Type,Copper
SAS00325,Access Line ID,AL000325
SAS00325,Circuit ID,CIR000325
SAS00325,Postcode,MK11 5AA
SAS00325,Technology Type,Copper
SAS00326,Access Line ID,AL000326
SAS00326,Circuit ID,CIR000326
SAS00326,Postcode,MK10 4AA
SAS00326,Technology Type,FTTP
SAS00327,Access Line ID,AL000327
SAS00327,Circuit ID,CIR000327
SAS00327,Postcode,MK20 7AA
SAS00327,Technology Type,Copper
SAS00328,Access Line ID,AL000328
SAS00328,Circuit ID,CIR000328
SAS00328,Postcode,MK16 5AA
SAS00328,Technology Type,FTTP
SAS00329,Access Line ID,AL000329
SAS00329,Circuit ID,CIR000329
SAS00329,Postcode,MK19 4AA
SAS00329,Technology Type,FTTP
SAS00330,Access Line ID,AL000330
SAS00330,Circuit ID,CIR000330
SAS00330,Postcode,MK16 6AA
SAS00330,Technology Type,Copper
SAS00331,Access Line ID,AL000331
SAS00331,Circuit ID,CIR000331
SAS00331,Postcode,MK10 2AA
SAS00331,Technology Type,FTTP
SAS00332,Access Line ID,AL000332
SAS00332,Circuit ID,CIR000332
SAS00332,Postcode,MK11 2AA
SAS00332,Technology Type,FTTC
SAS00333,Access Line ID,AL000333
SAS00333,Circuit ID,CIR000333
SAS00333,Postcode,MK14 6AA
SAS00333,Technology Type,FTTP
SAS00334,Access Line ID,AL000334
SAS00334,Circuit ID,CIR000334
SAS00334,Postcode,MK4 8AA
SAS00334,Technology Type,FTTP
SAS00335,Access Line ID,AL000335
SAS00335,Circuit ID,CIR000335
SAS00335,Postcode,MK16 4AA
SAS00335,Technology Type,Copper
SAS00336,Access Line ID,AL000336
SAS00336,Circuit ID,CIR000336
SAS00336,Postcode,MK17 5AA
SAS00336,Technology Type,FTTC
SAS00337,Access Line ID,AL000337
SAS00337,Circuit ID,CIR000337
SAS00337,Postcode,MK5 4AA
SAS00337,Technology Type,FTTC
SAS00338,Access Line ID,AL000338
SAS00338,Circuit ID,CIR000338
SAS00338,Postcode,MK5 6AA
SAS00338,Technology Type,FTTP
SAS00339,Access Line ID,AL000339
SAS00339,Circuit ID,CIR000339
SAS00339,Postcode,MK16 6AA
SAS00339,Technology Type,Copper
SAS00340,Access Line ID,AL000340
SAS00340,Circuit ID,CIR000340
SAS00340,Postcode,MK1 8AA
SAS00340,Technology Type,FTTC
SAS00341,Access Line ID,AL000341
SAS00341,Circuit ID,CIR000341
SAS00341,Postcode,MK19 3AA
SAS00341,Technology Type,FTTC
SAS00342,Access Line ID,AL000342
SAS00342,Circuit ID,CIR000342
SAS00342,Postcode,MK14 7AA
SAS00342,Technology Type,FTTC
SAS00343,Access Line ID,AL000343
SAS00343,Circuit ID,CIR000343
SAS00343,Postcode,MK18 4AA
SAS00343,Technology Type,FTTP
SAS00344,Access Line ID,AL000344
SAS00344,Circuit ID,CIR000344
SAS00344,Postcode,MK17 4AA
SAS00344,Technology Type,FTTP
SAS00345,Access Line ID,AL000345
SAS00345,Circuit ID,CIR000345
SAS00345,Postcode,MK8 6AA
SAS00345,Technology Type,Copper
SAS00346,Access Line ID,AL000346
SAS00346,Circuit ID,CIR000346
SAS00346,Postcode,MK19 5AA
SAS00346,Technology Type,FTTC
SAS00347,Access Line ID,AL000347
SAS00347,Circuit ID,CIR000347
SAS00347,Postcode,MK10 8AA
SAS00347,Technology Type,FTTC
SAS00348,Access Line ID,AL000348
SAS00348,Circuit ID,CIR000348
SAS00348,Postcode,MK14 3AA
SAS00348,Technology Type,Copper
SAS00349,Access Line ID,AL000349
SAS00349,Circuit ID,CIR000349
SAS00349,Postcode,MK6 7AA
SAS00349,Technology Type,FTTP
SAS00350,Access Line ID,AL000350
SAS00350,Circuit ID,CIR000350
SAS00350,Postcode,MK7 1AA
SAS00350,Technology Type,FTTC
SAS00351,Access Line ID,AL000351
SAS00351,Circuit ID,CIR000351
SAS00351,Postcode,MK2 7AA
SAS00351,Technology Type,Copper
SAS00352,Access Line ID,AL000352
SAS00352,Circuit ID,CIR000352
SAS00352,Postcode,MK20 1AA
SAS00352,Technology Type,Copper
SAS00353,Access Line ID,AL000353
SAS00353,Circuit ID,CIR000353
SAS00353,Postcode,MK2 2AA
SAS00353,Technology Type,FTTC
SAS00354,Access Line ID,AL000354
SAS00354,Circuit ID,CIR000354
SAS00354,Postcode,MK16 3AA
SAS00354,Technology Type,FTTP
SAS00355,Access Line ID,AL000355
SAS00355,Circuit ID,CIR000355
SAS00355,Postcode,MK10 7AA
SAS00355,Technology Type,Copper
SAS00356,Access Line ID,AL000356
SAS00356,Circuit ID,CIR000356
SAS00356,Postcode,MK20 3AA
SAS00356,Technology Type,FTTC
SAS00357,Access Line ID,AL000357
SAS00357,Circuit ID,CIR000357
SAS00357,Postcode,MK10 2AA
SAS00357,Technology Type,FTTC
SAS00358,Access Line ID,AL000358
SAS00358,Circuit ID,CIR000358
SAS00358,Postcode,MK9 9AA
SAS00358,Technology Type,FTTC
SAS00359,Access Line ID,AL000359
SAS00359,Circuit ID,CIR000359
SAS00359,Postcode,MK10 3AA
SAS00359,Technology Type,FTTC
SAS00360,Access Line ID,AL000360
SAS00360,Circuit ID,CIR000360
SAS00360,Postcode,MK16 6AA
SAS00360,Technology Type,Copper
SAS00361,Access Line ID,AL000361
SAS00361,Circuit ID,CIR000361
SAS00361,Postcode,MK4 8AA
SAS00361,Technology Type,FTTC
SAS00362,Access Line ID,AL000362
SAS00362,Circuit ID,CIR000362
SAS00362,Postcode,MK4 5AA
SAS00362,Technology Type,FTTC
SAS00363,Access Line ID,AL000363
SAS00363,Circuit ID,CIR000363
SAS00363,Postcode,MK9 8AA
SAS00363,Technology Type,FTTC
SAS00364,Access Line ID,AL000364
SAS00364,Circuit ID,CIR000364
SAS00364,Postcode,MK10 6AA
SAS00364,Technology Type,FTTC
SAS00365,Access Line ID,AL000365
SAS00365,Circuit ID,CIR000365
SAS00365,Postcode,MK4 1AA
SAS00365,Technology Type,Copper
SAS00366,Access Line ID,AL000366
SAS00366,Circuit ID,CIR000366
SAS00366,Postcode,MK11 6AA
SAS00366,Technology Type,FTTC
SAS00367,Access Line ID,AL000367
SAS00367,Circuit ID,CIR000367
SAS00367,Postcode,MK3 6AA
SAS00367,Technology Type,FTTP
SAS00368,Access Line ID,AL000368
SAS00368,Circuit ID,CIR000368
SAS00368,Postcode,MK13 8AA
SAS00368,Technology Type,FTTP
SAS00369,Access Line ID,AL000369
SAS00369,Circuit ID,CIR000369
SAS00369,Postcode,MK14 3AA
SAS00369,Technology Type,FTTP
SAS00370,Access Line ID,AL000370
SAS00370,Circuit ID,CIR000370
SAS00370,Postcode,MK6 2AA
SAS00370,Technology Type,FTTC
SAS00371,Access Line ID,AL000371
SAS00371,Circuit ID,CIR000371
SAS00371,Postcode,MK6 7AA
SAS00371,Technology Type,Copper
SAS00372,Access Line ID,AL000372
SAS00372,Circuit ID,CIR000372
SAS00372,Postcode,MK16 8AA
SAS00372,Technology Type,FTTP
SAS00373,Access Line ID,AL000373
SAS00373,Circuit ID,CIR000373
SAS00373,Postcode,MK9 6AA
SAS00373,Technology Type,FTTP
SAS00374,Access Line ID,AL000374
SAS00374,Circuit ID,CIR000374
SAS00374,Postcode,MK19 4AA
SAS00374,Technology Type,Copper
SAS00375,Access Line ID,AL000375
SAS00375,Circuit ID,CIR000375
SAS00375,Postcode,MK17 2AA
SAS00375,Technology Type,Copper
SAS00376,Access Line ID,AL000376
SAS00376,Circuit ID,CIR000376
SAS00376,Postcode,MK12 7AA
SAS00376,Technology Type,Copper
SAS00377,Access Line ID,AL000377
SAS00377,Circuit ID,CIR000377
SAS00377,Postcode,MK1 3AA
SAS00377,Technology Type,Copper
SAS00378,Access Line ID,AL000378
SAS00378,Circuit ID,CIR000378
SAS00378,Postcode,MK3 8AA
SAS00378,Technology Type,FTTP
SAS00379,Access Line ID,AL000379
SAS00379,Circuit ID,CIR000379
SAS00379,Postcode,MK2 9AA
SAS00379,Technology Type,FTTC
SAS00380,Access Line ID,AL000380
SAS00380,Circuit ID,CIR000380
SAS00380,Postcode,MK8 2AA
SAS00380,Technology Type,Copper
SAS00381,Access Line ID,AL000381
SAS00381,Circuit ID,CIR000381
SAS00381,Postcode,MK3 8AA
SAS00381,Technology Type,FTTP
SAS00382,Access Line ID,AL000382
SAS00382,Circuit ID,CIR000382
SAS00382,Postcode,MK1 2AA
SAS00382,Technology Type,FTTP
SAS00383,Access Line ID,AL000383
SAS00383,Circuit ID,CIR000383
SAS00383,Postcode,MK3 5AA
SAS00383,Technology Type,FTTP
SAS00384,Access Line ID,AL000384
SAS00384,Circuit ID,CIR000384
SAS00384,Postcode,MK11 6AA
SAS00384,Technology Type,Copper
SAS00385,Access Line ID,AL000385
SAS00385,Circuit ID,CIR000385
SAS00385,Postcode,MK11 9AA
SAS00385,Technology Type,FTTC
SAS00386,Access Line ID,AL000386
SAS00386,Circuit ID,CIR000386
SAS00386,Postcode,MK15 2AA
SAS00386,Technology Type,Copper
SAS00387,Access Line ID,AL000387
SAS00387,Circuit ID,CIR000387
SAS00387,Postcode,MK12 5AA
SAS00387,Technology Type,Copper
SAS00388,Access Line ID,AL000388
SAS00388,Circuit ID,CIR000388
SAS00388,Postcode,MK2 3AA
SAS00388,Technology Type,Copper
SAS00389,Access Line ID,AL000389
SAS00389,Circuit ID,CIR000389
SAS00389,Postcode,MK4 5AA
SAS00389,Technology Type,FTTC
SAS00390,Access Line ID,AL000390
SAS00390,Circuit ID,CIR000390
SAS00390,Postcode,MK7 8AA
SAS00390,Technology Type,FTTC
SAS00391,Access Line ID,AL000391
SAS00391,Circuit ID,CIR000391
SAS00391,Postcode,MK14 1AA
SAS00391,Technology Type,FTTC
SAS00392,Access Line ID,AL000392
SAS00392,Circuit ID,CIR000392
SAS00392,Postcode,MK15 8AA
SAS00392,Technology Type,Copper
SAS00393,Access Line ID,AL000393
SAS00393,Circuit ID,CIR000393
SAS00393,Postcode,MK16 1AA
SAS00393,Technology Type,Copper
SAS00394,Access Line ID,AL000394
SAS00394,Circuit ID,CIR000394
SAS00394,Postcode,MK19 8AA
SAS00394,Technology Type,Copper
SAS00395,Access Line ID,AL000395
SAS00395,Circuit ID,CIR000395
SAS00395,Postcode,MK19 3AA
SAS00395,Technology Type,Copper
SAS00396,Access Line ID,AL000396
SAS00396,Circuit ID,CIR000396
SAS00396,Postcode,MK17 7AA
SAS00396,Technology Type,FTTC
SAS00397,Access Line ID,AL000397
SAS00397,Circuit ID,CIR000397
SAS00397,Postcode,MK9 7AA
SAS00397,Technology Type,Copper
SAS00398,Access Line ID,AL000398
SAS00398,Circuit ID,CIR000398
SAS00398,Postcode,MK5 3AA
SAS00398,Technology Type,FTTP
SAS00399,Access Line ID,AL000399
SAS00399,Circuit ID,CIR000399
SAS00399,Postcode,MK10 9AA
SAS00399,Technology Type,Copper
SAS00400,Access Line ID,AL000400
SAS00400,Circuit ID,CIR000400
SAS00400,Postcode,MK7 4AA
SAS00400,Technology Type,FTTP
SAS00401,Access Line ID,AL000401
SAS00401,Circuit ID,CIR000401
SAS00401,Postcode,MK5 3AA
SAS00401,Technology Type,Copper
SAS00402,Access Line ID,AL000402
SAS00402,Circuit ID,CIR000402
SAS00402,Postcode,MK4 6AA
SAS00402,Technology Type,Copper
SAS00403,Access Line ID,AL000403
SAS00403,Circuit ID,CIR000403
SAS00403,Postcode,MK18 5AA
SAS00403,Technology Type,FTTP
SAS00404,Access Line ID,AL000404
SAS00404,Circuit ID,CIR000404
SAS00404,Postcode,MK4 1AA
SAS00404,Technology Type,FTTP
SAS00405,Access Line ID,AL000405
SAS00405,Circuit ID,CIR000405
SAS00405,Postcode,MK7 5AA
SAS00405,Technology Type,FTTC
SAS00406,Access Line ID,AL000406
SAS00406,Circuit ID,CIR000406
SAS00406,Postcode,MK5 1AA
SAS00406,Technology Type,FTTC
SAS00407,Access Line ID,AL000407
SAS00407,Circuit ID,CIR000407
SAS00407,Postcode,MK12 8AA
SAS00407,Technology Type,FTTP
SAS00408,Access Line ID,AL000408
SAS00408,Circuit ID,CIR000408
SAS00408,Postcode,MK18 7AA
SAS00408,Technology Type,Copper
SAS00409,Access Line ID,AL000409
SAS00409,Circuit ID,CIR000409
SAS00409,Postcode,MK2 7AA
SAS00409,Technology Type,Copper
SAS00410,Access Line ID,AL000410
SAS00410,Circuit ID,CIR000410
SAS00410,Postcode,MK18 1AA
SAS00410,Technology Type,FTTP
SAS00411,Access Line ID,AL000411
SAS00411,Circuit ID,CIR000411
SAS00411,Postcode,MK8 6AA
SAS00411,Technology Type,Copper
SAS00412,Access Line ID,AL000412
SAS00412,Circuit ID,CIR000412
SAS00412,Postcode,MK7 5AA
SAS00412,Technology Type,Copper
SAS00413,Access Line ID,AL000413
SAS00413,Circuit ID,CIR000413
SAS00413,Postcode,MK6 3AA
SAS00413,Technology Type,FTTC
SAS00414,Access Line ID,AL000414
SAS00414,Circuit ID,CIR000414
SAS00414,Postcode,MK14 5AA
SAS00414,Technology Type,Copper
SAS00415,Access Line ID,AL000415
SAS00415,Circuit ID,CIR000415
SAS00415,Postcode,MK1 6AA
SAS00415,Technology Type,FTTP
SAS00416,Access Line ID,AL000416
SAS00416,Circuit ID,CIR000416
SAS00416,Postcode,MK5 6AA
SAS00416,Technology Type,Copper
SAS00417,Access Line ID,AL000417
SAS00417,Circuit ID,CIR000417
SAS00417,Postcode,MK16 9AA
SAS00417,Technology Type,FTTC
SAS00418,Access Line ID,AL000418
SAS00418,Circuit ID,CIR000418
SAS00418,Postcode,MK17 4AA
SAS00418,Technology Type,FTTC
SAS00419,Access Line ID,AL000419
SAS00419,Circuit ID,CIR000419
SAS00419,Postcode,MK6 7AA
SAS00419,Technology Type,FTTC
SAS00420,Access Line ID,AL000420
SAS00420,Circuit ID,CIR000420
SAS00420,Postcode,MK8 4AA
SAS00420,Technology Type,Copper
SAS00421,Access Line ID,AL000421
SAS00421,Circuit ID,CIR000421
SAS00421,Postcode,MK7 9AA
SAS00421,Technology Type,FTTP
SAS00422,Access Line ID,AL000422
SAS00422,Circuit ID,CIR000422
SAS00422,Postcode,MK4 6AA
SAS00422,Technology Type,Copper
SAS00423,Access Line ID,AL000423
SAS00423,Circuit ID,CIR000423
SAS00423,Postcode,MK2 6AA
SAS00423,Technology Type,FTTC
SAS00424,Access Line ID,AL000424
SAS00424,Circuit ID,CIR000424
SAS00424,Postcode,MK1 9AA
SAS00424,Technology Type,FTTC
SAS00425,Access Line ID,AL000425
SAS00425,Circuit ID,CIR000425
SAS00425,Postcode,MK15 8AA
SAS00425,Technology Type,FTTP
SAS00426,Access Line ID,AL000426
SAS00426,Circuit ID,CIR000426
SAS00426,Postcode,MK11 9AA
SAS00426,Technology Type,FTTP
SAS00427,Access Line ID,AL000427
SAS00427,Circuit ID,CIR000427
SAS00427,Postcode,MK1 2AA
SAS00427,Technology Type,FTTC
SAS00428,Access Line ID,AL000428
SAS00428,Circuit ID,CIR000428
SAS00428,Postcode,MK14 2AA
SAS00428,Technology Type,Copper
SAS00429,Access Line ID,AL000429
SAS00429,Circuit ID,CIR000429
SAS00429,Postcode,MK3 3AA
SAS00429,Technology Type,Copper
SAS00430,Access Line ID,AL000430
SAS00430,Circuit ID,CIR000430
SAS00430,Postcode,MK3 2AA
SAS00430,Technology Type,FTTP
SAS00431,Access Line ID,AL000431
SAS00431,Circuit ID,CIR000431
SAS00431,Postcode,MK19 4AA
SAS00431,Technology Type,FTTC
SAS00432,Access Line ID,AL000432
SAS00432,Circuit ID,CIR000432
SAS00432,Postcode,MK13 7AA
SAS00432,Technology Type,FTTP
SAS00433,Access Line ID,AL000433
SAS00433,Circuit ID,CIR000433
SAS00433,Postcode,MK18 1AA
SAS00433,Technology Type,FTTC
SAS00434,Access Line ID,AL000434
SAS00434,Circuit ID,CIR000434
SAS00434,Postcode,MK3 6AA
SAS00434,Technology Type,Copper
SAS00435,Access Line ID,AL000435
SAS00435,Circuit ID,CIR000435
SAS00435,Postcode,MK20 2AA
SAS00435,Technology Type,Copper
SAS00436,Access Line ID,AL000436
SAS00436,Circuit ID,CIR000436
SAS00436,Postcode,MK16 3AA
SAS00436,Technology Type,FTTP
SAS00437,Access Line ID,AL000437
SAS00437,Circuit ID,CIR000437
SAS00437,Postcode,MK18 5AA
SAS00437,Technology Type,FTTC
SAS00438,Access Line ID,AL000438
SAS00438,Circuit ID,CIR000438
SAS00438,Postcode,MK1 9AA
SAS00438,Technology Type,Copper
SAS00439,Access Line ID,AL000439
SAS00439,Circuit ID,CIR000439
SAS00439,Postcode,MK1 7AA
SAS00439,Technology Type,Copper
SAS00440,Access Line ID,AL000440
SAS00440,Circuit ID,CIR000440
SAS00440,Postcode,MK7 6AA
SAS00440,Technology Type,Copper
SAS00441,Access Line ID,AL000441
SAS00441,Circuit ID,CIR000441
SAS00441,Postcode,MK5 3AA
SAS00441,Technology Type,FTTP
SAS00442,Access Line ID,AL000442
SAS00442,Circuit ID,CIR000442
SAS00442,Postcode,MK7 2AA
SAS00442,Technology Type,FTTC
SAS00443,Access Line ID,AL000443
SAS00443,Circuit ID,CIR000443
SAS00443,Postcode,MK18 8AA
SAS00443,Technology Type,Copper
SAS00444,Access Line ID,AL000444
SAS00444,Circuit ID,CIR000444
SAS00444,Postcode,MK9 2AA
SAS00444,Technology Type,Copper
SAS00445,Access Line ID,AL000445
SAS00445,Circuit ID,CIR000445
SAS00445,Postcode,MK12 3AA
SAS00445,Technology Type,Copper
SAS00446,Access Line ID,AL000446
SAS00446,Circuit ID,CIR000446
SAS00446,Postcode,MK20 2AA
SAS00446,Technology Type,Copper
SAS00447,Access Line ID,AL000447
SAS00447,Circuit ID,CIR000447
SAS00447,Postcode,MK11 5AA
SAS00447,Technology Type,FTTC
SAS00448,Access Line ID,AL000448
SAS00448,Circuit ID,CIR000448
SAS00448,Postcode,MK11 7AA
SAS00448,Technology Type,Copper
SAS00449,Access Line ID,AL000449
SAS00449,Circuit ID,CIR000449
SAS00449,Postcode,MK14 5AA
SAS00449,Technology Type,FTTC
SAS00450,Access Line ID,AL000450
SAS00450,Circuit ID,CIR000450
SAS00450,Postcode,MK16 8AA
SAS00450,Technology Type,FTTP
SAS00451,Access Line ID,AL000451
SAS00451,Circuit ID,CIR000451
SAS00451,Postcode,MK18 2AA
SAS00451,Technology Type,FTTP
SAS00452,Access Line ID,AL000452
SAS00452,Circuit ID,CIR000452
SAS00452,Postcode,MK5 9AA
SAS00452,Technology Type,Copper
SAS00453,Access Line ID,AL000453
SAS00453,Circuit ID,CIR000453
SAS00453,Postcode,MK3 1AA
SAS00453,Technology Type,FTTP
SAS00454,Access Line ID,AL000454
SAS00454,Circuit ID,CIR000454
SAS00454,Postcode,MK19 4AA
SAS00454,Technology Type,Copper
SAS00455,Access Line ID,AL000455
SAS00455,Circuit ID,CIR000455
SAS00455,Postcode,MK5 6AA
SAS00455,Technology Type,FTTC
SAS00456,Access Line ID,AL000456
SAS00456,Circuit ID,CIR000456
SAS00456,Postcode,MK5 8AA
SAS00456,Technology Type,FTTC
SAS00457,Access Line ID,AL000457
SAS00457,Circuit ID,CIR000457
SAS00457,Postcode,MK17 1AA
SAS00457,Technology Type,Copper
SAS00458,Access Line ID,AL000458
SAS00458,Circuit ID,CIR000458
SAS00458,Postcode,MK17 3AA
SAS00458,Technology Type,FTTC
SAS00459,Access Line ID,AL000459
SAS00459,Circuit ID,CIR000459
SAS00459,Postcode,MK16 6AA
SAS00459,Technology Type,FTTC
SAS00460,Access Line ID,AL000460
SAS00460,Circuit ID,CIR000460
SAS00460,Postcode,MK3 5AA
SAS00460,Technology Type,FTTC
SAS00461,Access Line ID,AL000461
SAS00461,Circuit ID,CIR000461
SAS00461,Postcode,MK17 6AA
SAS00461,Technology Type,FTTC
SAS00462,Access Line ID,AL000462
SAS00462,Circuit ID,CIR000462
SAS00462,Postcode,MK2 6AA
SAS00462,Technology Type,FTTP
SAS00463,Access Line ID,AL000463
SAS00463,Circuit ID,CIR000463
SAS00463,Postcode,MK9 9AA
SAS00463,Technology Type,Copper
SAS00464,Access Line ID,AL000464
SAS00464,Circuit ID,CIR000464
SAS00464,Postcode,MK12 2AA
SAS00464,Technology Type,FTTC
SAS00465,Access Line ID,AL000465
SAS00465,Circuit ID,CIR000465
SAS00465,Postcode,MK17 7AA
SAS00465,Technology Type,FTTP
SAS00466,Access Line ID,AL000466
SAS00466,Circuit ID,CIR000466
SAS00466,Postcode,MK20 1AA
SAS00466,Technology Type,FTTP
SAS00467,Access Line ID,AL000467
SAS00467,Circuit ID,CIR000467
SAS00467,Postcode,MK3 9AA
SAS00467,Technology Type,FTTC
SAS00468,Access Line ID,AL000468
SAS00468,Circuit ID,CIR000468
SAS00468,Postcode,MK6 6AA
SAS00468,Technology Type,FTTP
SAS00469,Access Line ID,AL000469
SAS00469,Circuit ID,CIR000469
SAS00469,Postcode,MK14 6AA
SAS00469,Technology Type,Copper
SAS00470,Access Line ID,AL000470
SAS00470,Circuit ID,CIR000470
SAS00470,Postcode,MK16 4AA
SAS00470,Technology Type,FTTC
SAS00471,Access Line ID,AL000471
SAS00471,Circuit ID,CIR000471
SAS00471,Postcode,MK1 4AA
SAS00471,Technology Type,FTTC
SAS00472,Access Line ID,AL000472
SAS00472,Circuit ID,CIR000472
SAS00472,Postcode,MK5 9AA
SAS00472,Technology Type,FTTC
SAS00473,Access Line ID,AL000473
SAS00473,Circuit ID,CIR000473
SAS00473,Postcode,MK9 3AA
SAS00473,Technology Type,Copper
SAS00474,Access Line ID,AL000474
SAS00474,Circuit ID,CIR000474
SAS00474,Postcode,MK10 2AA
SAS00474,Technology Type,FTTP
SAS00475,Access Line ID,AL000475
SAS00475,Circuit ID,CIR000475
SAS00475,Postcode,MK16 3AA
SAS00475,Technology Type,FTTP
SAS00476,Access Line ID,AL000476
SAS00476,Circuit ID,CIR000476
SAS00476,Postcode,MK20 9AA
SAS00476,Technology Type,FTTP
SAS00477,Access Line ID,AL000477
SAS00477,Circuit ID,CIR000477
SAS00477,Postcode,MK15 2AA
SAS00477,Technology Type,FTTC
SAS00478,Access Line ID,AL000478
SAS00478,Circuit ID,CIR000478
SAS00478,Postcode,MK1 4AA
SAS00478,Technology Type,FTTP
SAS00479,Access Line ID,AL000479
SAS00479,Circuit ID,CIR000479
SAS00479,Postcode,MK20 2AA
SAS00479,Technology Type,Copper
SAS00480,Access Line ID,AL000480
SAS00480,Circuit ID,CIR000480
SAS00480,Postcode,MK18 9AA
SAS00480,Technology Type,FTTP
SAS00481,Access Line ID,AL000481
SAS00481,Circuit ID,CIR000481
SAS00481,Postcode,MK20 9AA
SAS00481,Technology Type,FTTC
SAS00482,Access Line ID,AL000482
SAS00482,Circuit ID,CIR000482
SAS00482,Postcode,MK17 7AA
SAS00482,Technology Type,FTTC
SAS00483,Access Line ID,AL000483
SAS00483,Circuit ID,CIR000483
SAS00483,Postcode,MK8 8AA
SAS00483,Technology Type,FTTC
SAS00484,Access Line ID,AL000484
SAS00484,Circuit ID,CIR000484
SAS00484,Postcode,MK14 3AA
SAS00484,Technology Type,FTTP
SAS00485,Access Line ID,AL000485
SAS00485,Circuit ID,CIR000485
SAS00485,Postcode,MK10 9AA
SAS00485,Technology Type,FTTP
SAS00486,Access Line ID,AL000486
SAS00486,Circuit ID,CIR000486
SAS00486,Postcode,MK19 9AA
SAS00486,Technology Type,FTTP
SAS00487,Access Line ID,AL000487
SAS00487,Circuit ID,CIR000487
SAS00487,Postcode,MK11 7AA
SAS00487,Technology Type,Copper
SAS00488,Access Line ID,AL000488
SAS00488,Circuit ID,CIR000488
SAS00488,Postcode,MK9 9AA
SAS00488,Technology Type,FTTC
SAS00489,Access Line ID,AL000489
SAS00489,Circuit ID,CIR000489
SAS00489,Postcode,MK13 4AA
SAS00489,Technology Type,Copper
SAS00490,Access Line ID,AL000490
SAS00490,Circuit ID,CIR000490
SAS00490,Postcode,MK6 6AA
SAS00490,Technology Type,Copper
SAS00491,Access Line ID,AL000491
SAS00491,Circuit ID,CIR000491
SAS00491,Postcode,MK19 6AA
SAS00491,Technology Type,Copper
SAS00492,Access Line ID,AL000492
SAS00492,Circuit ID,CIR000492
SAS00492,Postcode,MK4 4AA
SAS00492,Technology Type,Copper
SAS00493,Access Line ID,AL000493
SAS00493,Circuit ID,CIR000493
SAS00493,Postcode,MK7 9AA
SAS00493,Technology Type,Copper
SAS00494,Access Line ID,AL000494
SAS00494,Circuit ID,CIR000494
SAS00494,Postcode,MK6 7AA
SAS00494,Technology Type,FTTP
SAS00495,Access Line ID,AL000495
SAS00495,Circuit ID,CIR000495
SAS00495,Postcode,MK5 8AA
SAS00495,Technology Type,Copper
SAS00496,Access Line ID,AL000496
SAS00496,Circuit ID,CIR000496
SAS00496,Postcode,MK9 4AA
SAS00496,Technology Type,Copper
SAS00497,Access Line ID,AL000497
SAS00497,Circuit ID,CIR000497
SAS00497,Postcode,MK13 9AA
SAS00497,Technology Type,FTTC
SAS00498,Access Line ID,AL000498
SAS00498,Circuit ID,CIR000498
SAS00498,Postcode,MK6 8AA
SAS00498,Technology Type,Copper
SAS00499,Access Line ID,AL000499
SAS00499,Circuit ID,CIR000499
SAS00499,Postcode,MK10 4AA
SAS00499,Technology Type,FTTC
SAS00500,Access Line ID,AL000500
SAS00500,Circuit ID,CIR000500
SAS00500,Postcode,MK20 3AA
SAS00500,Technology Type,Copper
SAS00501,Access Line ID,AL000501
SAS00501,Circuit ID,CIR000501
SAS00501,Postcode,MK6 2AA
SAS00501,Technology Type,FTTC
SAS00502,Access Line ID,AL000502
SAS00502,Circuit ID,CIR000502
SAS00502,Postcode,MK13 4AA
SAS00502,Technology Type,FTTP
SAS00503,Access Line ID,AL000503
SAS00503,Circuit ID,CIR000503
SAS00503,Postcode,MK3 9AA
SAS00503,Technology Type,FTTC
SAS00504,Access Line ID,AL000504
SAS00504,Circuit ID,CIR000504
SAS00504,Postcode,MK12 5AA
SAS00504,Technology Type,Copper
SAS00505,Access Line ID,AL000505
SAS00505,Circuit ID,CIR000505
SAS00505,Postcode,MK13 1AA
SAS00505,Technology Type,Copper
SAS00506,Access Line ID,AL000506
SAS00506,Circuit ID,CIR000506
SAS00506,Postcode,MK18 2AA
SAS00506,Technology Type,FTTC
SAS00507,Access Line ID,AL000507
SAS00507,Circuit ID,CIR000507
SAS00507,Postcode,MK17 5AA
SAS00507,Technology Type,FTTP
SAS00508,Access Line ID,AL000508
SAS00508,Circuit ID,CIR000508
SAS00508,Postcode,MK15 7AA
SAS00508,Technology Type,Copper
SAS00509,Access Line ID,AL000509
SAS00509,Circuit ID,CIR000509
SAS00509,Postcode,MK15 8AA
SAS00509,Technology Type,FTTP
SAS00510,Access Line ID,AL000510
SAS00510,Circuit ID,CIR000510
SAS00510,Postcode,MK4 5AA
SAS00510,Technology Type,Copper
SAS00511,Access Line ID,AL000511
SAS00511,Circuit ID,CIR000511
SAS00511,Postcode,MK8 6AA
SAS00511,Technology Type,FTTP
SAS00512,Access Line ID,AL000512
SAS00512,Circuit ID,CIR000512
SAS00512,Postcode,MK9 4AA
SAS00512,Technology Type,FTTP
SAS00513,Access Line ID,AL000513
SAS00513,Circuit ID,CIR000513
SAS00513,Postcode,MK3 9AA
SAS00513,Technology Type,FTTC
SAS00514,Access Line ID,AL000514
SAS00514,Circuit ID,CIR000514
SAS00514,Postcode,MK7 5AA
SAS00514,Technology Type,FTTC
SAS00515,Access Line ID,AL000515
SAS00515,Circuit ID,CIR000515
SAS00515,Postcode,MK16 4AA
SAS00515,Technology Type,Copper
SAS00516,Access Line ID,AL000516
SAS00516,Circuit ID,CIR000516
SAS00516,Postcode,MK7 4AA
SAS00516,Technology Type,Copper
SAS00517,Access Line ID,AL000517
SAS00517,Circuit ID,CIR000517
SAS00517,Postcode,MK5 2AA
SAS00517,Technology Type,FTTC
SAS00518,Access Line ID,AL000518
SAS00518,Circuit ID,CIR000518
SAS00518,Postcode,MK20 1AA
SAS00518,Technology Type,FTTC
SAS00519,Access Line ID,AL000519
SAS00519,Circuit ID,CIR000519
SAS00519,Postcode,MK12 6AA
SAS00519,Technology Type,Copper
SAS00520,Access Line ID,AL000520
SAS00520,Circuit ID,CIR000520
SAS00520,Postcode,MK6 9AA
SAS00520,Technology Type,Copper
SAS00521,Access Line ID,AL000521
SAS00521,Circuit ID,CIR000521
SAS00521,Postcode,MK2 9AA
SAS00521,Technology Type,FTTP
SAS00522,Access Line ID,AL000522
SAS00522,Circuit ID,CIR000522
SAS00522,Postcode,MK17 6AA
SAS00522,Technology Type,FTTP
SAS00523,Access Line ID,AL000523
SAS00523,Circuit ID,CIR000523
SAS00523,Postcode,MK4 9AA
SAS00523,Technology Type,Copper
SAS00524,Access Line ID,AL000524
SAS00524,Circuit ID,CIR000524
SAS00524,Postcode,MK7 7AA
SAS00524,Technology Type,FTTP
SAS00525,Access Line ID,AL000525
SAS00525,Circuit ID,CIR000525
SAS00525,Postcode,MK6 9AA
SAS00525,Technology Type,FTTC
SAS00526,Access Line ID,AL000526
SAS00526,Circuit ID,CIR000526
SAS00526,Postcode,MK12 3AA
SAS00526,Technology Type,FTTC
SAS00527,Access Line ID,AL000527
SAS00527,Circuit ID,CIR000527
SAS00527,Postcode,MK12 7AA
SAS00527,Technology Type,FTTP
SAS00528,Access Line ID,AL000528
SAS00528,Circuit ID,CIR000528
SAS00528,Postcode,MK19 4AA
SAS00528,Technology Type,FTTP
SAS00529,Access Line ID,AL000529
SAS00529,Circuit ID,CIR000529
SAS00529,Postcode,MK18 7AA
SAS00529,Technology Type,FTTC
SAS00530,Access Line ID,AL000530
SAS00530,Circuit ID,CIR000530
SAS00530,Postcode,MK16 1AA
SAS00530,Technology Type,FTTP
SAS00531,Access Line ID,AL000531
SAS00531,Circuit ID,CIR000531
SAS00531,Postcode,MK18 6AA
SAS00531,Technology Type,FTTP
SAS00532,Access Line ID,AL000532
SAS00532,Circuit ID,CIR000532
SAS00532,Postcode,MK13 2AA
SAS00532,Technology Type,FTTP
SAS00533,Access Line ID,AL000533
SAS00533,Circuit ID,CIR000533
SAS00533,Postcode,MK16 2AA
SAS00533,Technology Type,FTTC
SAS00534,Access Line ID,AL000534
SAS00534,Circuit ID,CIR000534
SAS00534,Postcode,MK12 9AA
SAS00534,Technology Type,Copper
SAS00535,Access Line ID,AL000535
SAS00535,Circuit ID,CIR000535
SAS00535,Postcode,MK4 6AA
SAS00535,Technology Type,FTTP
SAS00536,Access Line ID,AL000536
SAS00536,Circuit ID,CIR000536
SAS00536,Postcode,MK19 9AA
SAS00536,Technology Type,Copper
SAS00537,Access Line ID,AL000537
SAS00537,Circuit ID,CIR000537
SAS00537,Postcode,MK16 8AA
SAS00537,Technology Type,FTTP
SAS00538,Access Line ID,AL000538
SAS00538,Circuit ID,CIR000538
SAS00538,Postcode,MK15 3AA
SAS00538,Technology Type,FTTC
SAS00539,Access Line ID,AL000539
SAS00539,Circuit ID,CIR000539
SAS00539,Postcode,MK14 7AA
SAS00539,Technology Type,FTTC
SAS00540,Access Line ID,AL000540
SAS00540,Circuit ID,CIR000540
SAS00540,Postcode,MK8 6AA
SAS00540,Technology Type,FTTC
SAS00541,Access Line ID,AL000541
SAS00541,Circuit ID,CIR000541
SAS00541,Postcode,MK20 7AA
SAS00541,Technology Type,Copper
SAS00542,Access Line ID,AL000542
SAS00542,Circuit ID,CIR000542
SAS00542,Postcode,MK19 9AA
SAS00542,Technology Type,FTTP
SAS00543,Access Line ID,AL000543
SAS00543,Circuit ID,CIR000543
SAS00543,Postcode,MK1 3AA
SAS00543,Technology Type,FTTP
SAS00544,Access Line ID,AL000544
SAS00544,Circuit ID,CIR000544
SAS00544,Postcode,MK7 3AA
SAS00544,Technology Type,FTTC
SAS00545,Access Line ID,AL000545
SAS00545,Circuit ID,CIR000545
SAS00545,Postcode,MK18 1AA
SAS00545,Technology Type,FTTC
SAS00546,Access Line ID,AL000546
SAS00546,Circuit ID,CIR000546
SAS00546,Postcode,MK4 5AA
SAS00546,Technology Type,FTTP
SAS00547,Access Line ID,AL000547
SAS00547,Circuit ID,CIR000547
SAS00547,Postcode,MK10 4AA
SAS00547,Technology Type,FTTC
SAS00548,Access Line ID,AL000548
SAS00548,Circuit ID,CIR000548
SAS00548,Postcode,MK5 9AA
SAS00548,Technology Type,Copper
SAS00549,Access Line ID,AL000549
SAS00549,Circuit ID,CIR000549
SAS00549,Postcode,MK11 8AA
SAS00549,Technology Type,FTTC
SAS00550,Access Line ID,AL000550
SAS00550,Circuit ID,CIR000550
SAS00550,Postcode,MK5 9AA
SAS00550,Technology Type,Copper
SAS00551,Access Line ID,AL000551
SAS00551,Circuit ID,CIR000551
SAS00551,Postcode,MK17 9AA
SAS00551,Technology Type,Copper
SAS00552,Access Line ID,AL000552
SAS00552,Circuit ID,CIR000552
SAS00552,Postcode,MK3 8AA
SAS00552,Technology Type,FTTP
SAS00553,Access Line ID,AL000553
SAS00553,Circuit ID,CIR000553
SAS00553,Postcode,MK10 1AA
SAS00553,Technology Type,FTTP
SAS00554,Access Line ID,AL000554
SAS00554,Circuit ID,CIR000554
SAS00554,Postcode,MK12 5AA
SAS00554,Technology Type,Copper
SAS00555,Access Line ID,AL000555
SAS00555,Circuit ID,CIR000555
SAS00555,Postcode,MK16 5AA
SAS00555,Technology Type,Copper
SAS00556,Access Line ID,AL000556
SAS00556,Circuit ID,CIR000556
SAS00556,Postcode,MK1 9AA
SAS00556,Technology Type,FTTP
SAS00557,Access Line ID,AL000557
SAS00557,Circuit ID,CIR000557
SAS00557,Postcode,MK13 4AA
SAS00557,Technology Type,FTTC
SAS00558,Access Line ID,AL000558
SAS00558,Circuit ID,CIR000558
SAS00558,Postcode,MK13 4AA
SAS00558,Technology Type,Copper
SAS00559,Access Line ID,AL000559
SAS00559,Circuit ID,CIR000559
SAS00559,Postcode,MK17 5AA
SAS00559,Technology Type,FTTC
SAS00560,Access Line ID,AL000560
SAS00560,Circuit ID,CIR000560
SAS00560,Postcode,MK14 4AA
SAS00560,Technology Type,Copper
SAS00561,Access Line ID,AL000561
SAS00561,Circuit ID,CIR000561
SAS00561,Postcode,MK4 8AA
SAS00561,Technology Type,FTTC
SAS00562,Access Line ID,AL000562
SAS00562,Circuit ID,CIR000562
SAS00562,Postcode,MK7 6AA
SAS00562,Technology Type,FTTP
SAS00563,Access Line ID,AL000563
SAS00563,Circuit ID,CIR000563
SAS00563,Postcode,MK1 3AA
SAS00563,Technology Type,FTTC
SAS00564,Access Line ID,AL000564
SAS00564,Circuit ID,CIR000564
SAS00564,Postcode,MK15 1AA
SAS00564,Technology Type,FTTC
SAS00565,Access Line ID,AL000565
SAS00565,Circuit ID,CIR000565
SAS00565,Postcode,MK7 6AA
SAS00565,Technology Type,FTTC
SAS00566,Access Line ID,AL000566
SAS00566,Circuit ID,CIR000566
SAS00566,Postcode,MK12 8AA
SAS00566,Technology Type,FTTP
SAS00567,Access Line ID,AL000567
SAS00567,Circuit ID,CIR000567
SAS00567,Postcode,MK2 5AA
SAS00567,Technology Type,FTTC
SAS00568,Access Line ID,AL000568
SAS00568,Circuit ID,CIR000568
SAS00568,Postcode,MK6 4AA
SAS00568,Technology Type,FTTP
SAS00569,Access Line ID,AL000569
SAS00569,Circuit ID,CIR000569
SAS00569,Postcode,MK4 4AA
SAS00569,Technology Type,FTTP
SAS00570,Access Line ID,AL000570
SAS00570,Circuit ID,CIR000570
SAS00570,Postcode,MK7 8AA
SAS00570,Technology Type,FTTP
SAS00571,Access Line ID,AL000571
SAS00571,Circuit ID,CIR000571
SAS00571,Postcode,MK16 7AA
SAS00571,Technology Type,FTTC
SAS00572,Access Line ID,AL000572
SAS00572,Circuit ID,CIR000572
SAS00572,Postcode,MK2 9AA
SAS00572,Technology Type,FTTP
SAS00573,Access Line ID,AL000573
SAS00573,Circuit ID,CIR000573
SAS00573,Postcode,MK7 6AA
SAS00573,Technology Type,FTTC
SAS00574,Access Line ID,AL000574
SAS00574,Circuit ID,CIR000574
SAS00574,Postcode,MK4 4AA
SAS00574,Technology Type,FTTC
SAS00575,Access Line ID,AL000575
SAS00575,Circuit ID,CIR000575
SAS00575,Postcode,MK9 2AA
SAS00575,Technology Type,FTTP
SAS00576,Access Line ID,AL000576
SAS00576,Circuit ID,CIR000576
SAS00576,Postcode,MK19 8AA
SAS00576,Technology Type,FTTC
SAS00577,Access Line ID,AL000577
SAS00577,Circuit ID,CIR000577
SAS00577,Postcode,MK8 3AA
SAS00577,Technology Type,Copper
SAS00578,Access Line ID,AL000578
SAS00578,Circuit ID,CIR000578
SAS00578,Postcode,MK2 1AA
SAS00578,Technology Type,FTTC
SAS00579,Access Line ID,AL000579
SAS00579,Circuit ID,CIR000579
SAS00579,Postcode,MK4 3AA
SAS00579,Technology Type,Copper
SAS00580,Access Line ID,AL000580
SAS00580,Circuit ID,CIR000580
SAS00580,Postcode,MK15 4AA
SAS00580,Technology Type,FTTC
SAS00581,Access Line ID,AL000581
SAS00581,Circuit ID,CIR000581
SAS00581,Postcode,MK9 1AA
SAS00581,Technology Type,Copper
SAS00582,Access Line ID,AL000582
SAS00582,Circuit ID,CIR000582
SAS00582,Postcode,MK18 8AA
SAS00582,Technology Type,Copper
SAS00583,Access Line ID,AL000583
SAS00583,Circuit ID,CIR000583
SAS00583,Postcode,MK11 8AA
SAS00583,Technology Type,Copper
SAS00584,Access Line ID,AL000584
SAS00584,Circuit ID,CIR000584
SAS00584,Postcode,MK3 9AA
SAS00584,Technology Type,Copper
SAS00585,Access Line ID,AL000585
SAS00585,Circuit ID,CIR000585
SAS00585,Postcode,MK18 6AA
SAS00585,Technology Type,FTTP
SAS00586,Access Line ID,AL000586
SAS00586,Circuit ID,CIR000586
SAS00586,Postcode,MK13 3AA
SAS00586,Technology Type,FTTC
SAS00587,Access Line ID,AL000587
SAS00587,Circuit ID,CIR000587
SAS00587,Postcode,MK20 4AA
SAS00587,Technology Type,FTTC
SAS00588,Access Line ID,AL000588
SAS00588,Circuit ID,CIR000588
SAS00588,Postcode,MK7 9AA
SAS00588,Technology Type,Copper
SAS00589,Access Line ID,AL000589
SAS00589,Circuit ID,CIR000589
SAS00589,Postcode,MK20 5AA
SAS00589,Technology Type,FTTP
SAS00590,Access Line ID,AL000590
SAS00590,Circuit ID,CIR000590
SAS00590,Postcode,MK4 9AA
SAS00590,Technology Type,FTTP
SAS00591,Access Line ID,AL000591
SAS00591,Circuit ID,CIR000591
SAS00591,Postcode,MK6 1AA
SAS00591,Technology Type,FTTC
SAS00592,Access Line ID,AL000592
SAS00592,Circuit ID,CIR000592
SAS00592,Postcode,MK2 7AA
SAS00592,Technology Type,FTTC
SAS00593,Access Line ID,AL000593
SAS00593,Circuit ID,CIR000593
SAS00593,Postcode,MK2 6AA
SAS00593,Technology Type,FTTP
SAS00594,Access Line ID,AL000594
SAS00594,Circuit ID,CIR000594
SAS00594,Postcode,MK7 8AA
SAS00594,Technology Type,Copper
SAS00595,Access Line ID,AL000595
SAS00595,Circuit ID,CIR000595
SAS00595,Postcode,MK12 9AA
SAS00595,Technology Type,FTTC
SAS00596,Access Line ID,AL000596
SAS00596,Circuit ID,CIR000596
SAS00596,Postcode,MK20 5AA
SAS00596,Technology Type,FTTP
SAS00597,Access Line ID,AL000597
SAS00597,Circuit ID,CIR000597
SAS00597,Postcode,MK3 4AA
SAS00597,Technology Type,FTTC
SAS00598,Access Line ID,AL000598
SAS00598,Circuit ID,CIR000598
SAS00598,Postcode,MK18 7AA
SAS00598,Technology Type,Copper
SAS00599,Access Line ID,AL000599
SAS00599,Circuit ID,CIR000599
SAS00599,Postcode,MK19 3AA
SAS00599,Technology Type,FTTC
SAS00600,Access Line ID,AL000600
SAS00600,Circuit ID,CIR000600
SAS00600,Postcode,MK19 6AA
SAS00600,Technology Type,Copper
SAS00601,Access Line ID,AL000601
SAS00601,Circuit ID,CIR000601
SAS00601,Postcode,MK4 3AA
SAS00601,Technology Type,FTTP
SAS00602,Access Line ID,AL000602
SAS00602,Circuit ID,CIR000602
SAS00602,Postcode,MK11 3AA
SAS00602,Technology Type,FTTC
SAS00603,Access Line ID,AL000603
SAS00603,Circuit ID,CIR000603
SAS00603,Postcode,MK11 9AA
SAS00603,Technology Type,Copper
SAS00604,Access Line ID,AL000604
SAS00604,Circuit ID,CIR000604
SAS00604,Postcode,MK11 4AA
SAS00604,Technology Type,FTTP
SAS00605,Access Line ID,AL000605
SAS00605,Circuit ID,CIR000605
SAS00605,Postcode,MK12 8AA
SAS00605,Technology Type,Copper
SAS00606,Access Line ID,AL000606
SAS00606,Circuit ID,CIR000606
SAS00606,Postcode,MK10 1AA
SAS00606,Technology Type,FTTP
SAS00607,Access Line ID,AL000607
SAS00607,Circuit ID,CIR000607
SAS00607,Postcode,MK1 5AA
SAS00607,Technology Type,FTTC
SAS00608,Access Line ID,AL000608
SAS00608,Circuit ID,CIR000608
SAS00608,Postcode,MK9 9AA
SAS00608,Technology Type,FTTC
SAS00609,Access Line ID,AL000609
SAS00609,Circuit ID,CIR000609
SAS00609,Postcode,MK4 1AA
SAS00609,Technology Type,Copper
SAS00610,Access Line ID,AL000610
SAS00610,Circuit ID,CIR000610
SAS00610,Postcode,MK12 4AA
SAS00610,Technology Type,FTTP
SAS00611,Access Line ID,AL000611
SAS00611,Circuit ID,CIR000611
SAS00611,Postcode,MK19 7AA
SAS00611,Technology Type,FTTP
SAS00612,Access Line ID,AL000612
SAS00612,Circuit ID,CIR000612
SAS00612,Postcode,MK16 3AA
SAS00612,Technology Type,FTTC
SAS00613,Access Line ID,AL000613
SAS00613,Circuit ID,CIR000613
SAS00613,Postcode,MK20 5AA
SAS00613,Technology Type,Copper
SAS00614,Access Line ID,AL000614
SAS00614,Circuit ID,CIR000614
SAS00614,Postcode,MK3 1AA
SAS00614,Technology Type,Copper
SAS00615,Access Line ID,AL000615
SAS00615,Circuit ID,CIR000615
SAS00615,Postcode,MK14 2AA
SAS00615,Technology Type,FTTP
SAS00616,Access Line ID,AL000616
SAS00616,Circuit ID,CIR000616
SAS00616,Postcode,MK13 1AA
SAS00616,Technology Type,FTTC
SAS00617,Access Line ID,AL000617
SAS00617,Circuit ID,CIR000617
SAS00617,Postcode,MK11 9AA
SAS00617,Technology Type,Copper
SAS00618,Access Line ID,AL000618
SAS00618,Circuit ID,CIR000618
SAS00618,Postcode,MK15 9AA
SAS00618,Technology Type,FTTC
SAS00619,Access Line ID,AL000619
SAS00619,Circuit ID,CIR000619
SAS00619,Postcode,MK5 3AA
SAS00619,Technology Type,FTTC
SAS00620,Access Line ID,AL000620
SAS00620,Circuit ID,CIR000620
SAS00620,Postcode,MK18 7AA
SAS00620,Technology Type,FTTC
SAS00621,Access Line ID,AL000621
SAS00621,Circuit ID,CIR000621
SAS00621,Postcode,MK5 3AA
SAS00621,Technology Type,FTTC
SAS00622,Access Line ID,AL000622
SAS00622,Circuit ID,CIR000622
SAS00622,Postcode,MK19 4AA
SAS00622,Technology Type,Copper
SAS00623,Access Line ID,AL000623
SAS00623,Circuit ID,CIR000623
SAS00623,Postcode,MK8 4AA
SAS00623,Technology Type,Copper
SAS00624,Access Line ID,AL000624
SAS00624,Circuit ID,CIR000624
SAS00624,Postcode,MK19 2AA
SAS00624,Technology Type,FTTP
SAS00625,Access Line ID,AL000625
SAS00625,Circuit ID,CIR000625
SAS00625,Postcode,MK12 4AA
SAS00625,Technology Type,Copper
SAS00626,Access Line ID,AL000626
SAS00626,Circuit ID,CIR000626
SAS00626,Postcode,MK10 3AA
SAS00626,Technology Type,FTTP
SAS00627,Access Line ID,AL000627
SAS00627,Circuit ID,CIR000627
SAS00627,Postcode,MK20 3AA
SAS00627,Technology Type,Copper
SAS00628,Access Line ID,AL000628
SAS00628,Circuit ID,CIR000628
SAS00628,Postcode,MK7 6AA
SAS00628,Technology Type,FTTC
SAS00629,Access Line ID,AL000629
SAS00629,Circuit ID,CIR000629
SAS00629,Postcode,MK2 4AA
SAS00629,Technology Type,Copper
SAS00630,Access Line ID,AL000630
SAS00630,Circuit ID,CIR000630
SAS00630,Postcode,MK1 6AA
SAS00630,Technology Type,Copper
SAS00631,Access Line ID,AL000631
SAS00631,Circuit ID,CIR000631
SAS00631,Postcode,MK1 6AA
SAS00631,Technology Type,FTTC
SAS00632,Access Line ID,AL000632
SAS00632,Circuit ID,CIR000632
SAS00632,Postcode,MK18 9AA
SAS00632,Technology Type,Copper
SAS00633,Access Line ID,AL000633
SAS00633,Circuit ID,CIR000633
SAS00633,Postcode,MK1 7AA
SAS00633,Technology Type,FTTP
SAS00634,Access Line ID,AL000634
SAS00634,Circuit ID,CIR000634
SAS00634,Postcode,MK6 1AA
SAS00634,Technology Type,Copper
SAS00635,Access Line ID,AL000635
SAS00635,Circuit ID,CIR000635
SAS00635,Postcode,MK2 8AA
SAS00635,Technology Type,FTTC
SAS00636,Access Line ID,AL000636
SAS00636,Circuit ID,CIR000636
SAS00636,Postcode,MK12 2AA
SAS00636,Technology Type,FTTC
SAS00637,Access Line ID,AL000637
SAS00637,Circuit ID,CIR000637
SAS00637,Postcode,MK8 7AA
SAS00637,Technology Type,FTTP
SAS00638,Access Line ID,AL000638
SAS00638,Circuit ID,CIR000638
SAS00638,Postcode,MK16 9AA
SAS00638,Technology Type,Copper
SAS00639,Access Line ID,AL000639
SAS00639,Circuit ID,CIR000639
SAS00639,Postcode,MK18 1AA
SAS00639,Technology Type,FTTC
SAS00640,Access Line ID,AL000640
SAS00640,Circuit ID,CIR000640
SAS00640,Postcode,MK11 8AA
SAS00640,Technology Type,FTTC
SAS00641,Access Line ID,AL000641
SAS00641,Circuit ID,CIR000641
SAS00641,Postcode,MK12 6AA
SAS00641,Technology Type,Copper
SAS00642,Access Line ID,AL000642
SAS00642,Circuit ID,CIR000642
SAS00642,Postcode,MK9 1AA
SAS00642,Technology Type,FTTP
SAS00643,Access Line ID,AL000643
SAS00643,Circuit ID,CIR000643
SAS00643,Postcode,MK18 5AA
SAS00643,Technology Type,FTTP
SAS00644,Access Line ID,AL000644
SAS00644,Circuit ID,CIR000644
SAS00644,Postcode,MK5 2AA
SAS00644,Technology Type,FTTC
SAS00645,Access Line ID,AL000645
SAS00645,Circuit ID,CIR000645
SAS00645,Postcode,MK14 4AA
SAS00645,Technology Type,FTTP
SAS00646,Access Line ID,AL000646
SAS00646,Circuit ID,CIR000646
SAS00646,Postcode,MK20 6AA
SAS00646,Technology Type,FTTC
SAS00647,Access Line ID,AL000647
SAS00647,Circuit ID,CIR000647
SAS00647,Postcode,MK19 9AA
SAS00647,Technology Type,Copper
SAS00648,Access Line ID,AL000648
SAS00648,Circuit ID,CIR000648
SAS00648,Postcode,MK17 3AA
SAS00648,Technology Type,FTTC
SAS00649,Access Line ID,AL000649
SAS00649,Circuit ID,CIR000649
SAS00649,Postcode,MK11 2AA
SAS00649,Technology Type,FTTC
SAS00650,Access Line ID,AL000650
SAS00650,Circuit ID,CIR000650
SAS00650,Postcode,MK6 6AA
SAS00650,Technology Type,Copper
SAS00651,Access Line ID,AL000651
SAS00651,Circuit ID,CIR000651
SAS00651,Postcode,MK14 7AA
SAS00651,Technology Type,FTTC
SAS00652,Access Line ID,AL000652
SAS00652,Circuit ID,CIR000652
SAS00652,Postcode,MK5 4AA
SAS00652,Technology Type,FTTP
SAS00653,Access Line ID,AL000653
SAS00653,Circuit ID,CIR000653
SAS00653,Postcode,MK20 4AA
SAS00653,Technology Type,FTTC
SAS00654,Access Line ID,AL000654
SAS00654,Circuit ID,CIR000654
SAS00654,Postcode,MK12 2AA
SAS00654,Technology Type,FTTC
SAS00655,Access Line ID,AL000655
SAS00655,Circuit ID,CIR000655
SAS00655,Postcode,MK12 3AA
SAS00655,Technology Type,FTTP
SAS00656,Access Line ID,AL000656
SAS00656,Circuit ID,CIR000656
SAS00656,Postcode,MK6 4AA
SAS00656,Technology Type,FTTP
SAS00657,Access Line ID,AL000657
SAS00657,Circuit ID,CIR000657
SAS00657,Postcode,MK9 7AA
SAS00657,Technology Type,FTTC
SAS00658,Access Line ID,AL000658
SAS00658,Circuit ID,CIR000658
SAS00658,Postcode,MK7 2AA
SAS00658,Technology Type,Copper
SAS00659,Access Line ID,AL000659
SAS00659,Circuit ID,CIR000659
SAS00659,Postcode,MK11 8AA
SAS00659,Technology Type,FTTP
SAS00660,Access Line ID,AL000660
SAS00660,Circuit ID,CIR000660
SAS00660,Postcode,MK20 7AA
SAS00660,Technology Type,FTTC
SAS00661,Access Line ID,AL000661
SAS00661,Circuit ID,CIR000661
SAS00661,Postcode,MK17 1AA
SAS00661,Technology Type,FTTP
SAS00662,Access Line ID,AL000662
SAS00662,Circuit ID,CIR000662
SAS00662,Postcode,MK8 9AA
SAS00662,Technology Type,FTTC
SAS00663,Access Line ID,AL000663
SAS00663,Circuit ID,CIR000663
SAS00663,Postcode,MK18 7AA
SAS00663,Technology Type,FTTP
SAS00664,Access Line ID,AL000664
SAS00664,Circuit ID,CIR000664
SAS00664,Postcode,MK10 8AA
SAS00664,Technology Type,Copper
SAS00665,Access Line ID,AL000665
SAS00665,Circuit ID,CIR000665
SAS00665,Postcode,MK15 3AA
SAS00665,Technology Type,FTTP
SAS00666,Access Line ID,AL000666
SAS00666,Circuit ID,CIR000666
SAS00666,Postcode,MK17 3AA
SAS00666,Technology Type,FTTP
SAS00667,Access Line ID,AL000667
SAS00667,Circuit ID,CIR000667
SAS00667,Postcode,MK4 3AA
SAS00667,Technology Type,Copper
SAS00668,Access Line ID,AL000668
SAS00668,Circuit ID,CIR000668
SAS00668,Postcode,MK13 7AA
SAS00668,Technology Type,Copper
SAS00669,Access Line ID,AL000669
SAS00669,Circuit ID,CIR000669
SAS00669,Postcode,MK19 4AA
SAS00669,Technology Type,FTTP
SAS00670,Access Line ID,AL000670
SAS00670,Circuit ID,CIR000670
SAS00670,Postcode,MK6 2AA
SAS00670,Technology Type,FTTP
SAS00671,Access Line ID,AL000671
SAS00671,Circuit ID,CIR000671
SAS00671,Postcode,MK3 9AA
SAS00671,Technology Type,FTTC
SAS00672,Access Line ID,AL000672
SAS00672,Circuit ID,CIR000672
SAS00672,Postcode,MK20 3AA
SAS00672,Technology Type,FTTP
SAS00673,Access Line ID,AL000673
SAS00673,Circuit ID,CIR000673
SAS00673,Postcode,MK11 3AA
SAS00673,Technology Type,Copper
SAS00674,Access Line ID,AL000674
SAS00674,Circuit ID,CIR000674
SAS00674,Postcode,MK14 5AA
SAS00674,Technology Type,FTTC
SAS00675,Access Line ID,AL000675
SAS00675,Circuit ID,CIR000675
SAS00675,Postcode,MK10 3AA
SAS00675,Technology Type,Copper
SAS00676,Access Line ID,AL000676
SAS00676,Circuit ID,CIR000676
SAS00676,Postcode,MK20 5AA
SAS00676,Technology Type,FTTC
SAS00677,Access Line ID,AL000677
SAS00677,Circuit ID,CIR000677
SAS00677,Postcode,MK18 1AA
SAS00677,Technology Type,FTTP
SAS00678,Access Line ID,AL000678
SAS00678,Circuit ID,CIR000678
SAS00678,Postcode,MK15 7AA
SAS00678,Technology Type,FTTP
SAS00679,Access Line ID,AL000679
SAS00679,Circuit ID,CIR000679
SAS00679,Postcode,MK8 9AA
SAS00679,Technology Type,FTTC
SAS00680,Access Line ID,AL000680
SAS00680,Circuit ID,CIR000680
SAS00680,Postcode,MK2 3AA
SAS00680,Technology Type,Copper
SAS00681,Access Line ID,AL000681
SAS00681,Circuit ID,CIR000681
SAS00681,Postcode,MK5 1AA
SAS00681,Technology Type,FTTC
SAS00682,Access Line ID,AL000682
SAS00682,Circuit ID,CIR000682
SAS00682,Postcode,MK11 2AA
SAS00682,Technology Type,Copper
SAS00683,Access Line ID,AL000683
SAS00683,Circuit ID,CIR000683
SAS00683,Postcode,MK6 5AA
SAS00683,Technology Type,FTTC
SAS00684,Access Line ID,AL000684
SAS00684,Circuit ID,CIR000684
SAS00684,Postcode,MK15 6AA
SAS00684,Technology Type,Copper
SAS00685,Access Line ID,AL000685
SAS00685,Circuit ID,CIR000685
SAS00685,Postcode,MK11 6AA
SAS00685,Technology Type,FTTC
SAS00686,Access Line ID,AL000686
SAS00686,Circuit ID,CIR000686
SAS00686,Postcode,MK18 2AA
SAS00686,Technology Type,FTTP
SAS00687,Access Line ID,AL000687
SAS00687,Circuit ID,CIR000687
SAS00687,Postcode,MK11 9AA
SAS00687,Technology Type,FTTP
SAS00688,Access Line ID,AL000688
SAS00688,Circuit ID,CIR000688
SAS00688,Postcode,MK20 1AA
SAS00688,Technology Type,Copper
SAS00689,Access Line ID,AL000689
SAS00689,Circuit ID,CIR000689
SAS00689,Postcode,MK3 8AA
SAS00689,Technology Type,Copper
SAS00690,Access Line ID,AL000690
SAS00690,Circuit ID,CIR000690
SAS00690,Postcode,MK14 6AA
SAS00690,Technology Type,Copper
SAS00691,Access Line ID,AL000691
SAS00691,Circuit ID,CIR000691
SAS00691,Postcode,MK5 8AA
SAS00691,Technology Type,Copper
SAS00692,Access Line ID,AL000692
SAS00692,Circuit ID,CIR000692
SAS00692,Postcode,MK6 4AA
SAS00692,Technology Type,Copper
SAS00693,Access Line ID,AL000693
SAS00693,Circuit ID,CIR000693
SAS00693,Postcode,MK4 1AA
SAS00693,Technology Type,FTTP
SAS00694,Access Line ID,AL000694
SAS00694,Circuit ID,CIR000694
SAS00694,Postcode,MK20 7AA
SAS00694,Technology Type,Copper
SAS00695,Access Line ID,AL000695
SAS00695,Circuit ID,CIR000695
SAS00695,Postcode,MK1 4AA
SAS00695,Technology Type,FTTC
SAS00696,Access Line ID,AL000696
SAS00696,Circuit ID,CIR000696
SAS00696,Postcode,MK10 5AA
SAS00696,Technology Type,FTTP
SAS00697,Access Line ID,AL000697
SAS00697,Circuit ID,CIR000697
SAS00697,Postcode,MK4 6AA
SAS00697,Technology Type,Copper
SAS00698,Access Line ID,AL000698
SAS00698,Circuit ID,CIR000698
SAS00698,Postcode,MK6 4AA
SAS00698,Technology Type,FTTP
SAS00699,Access Line ID,AL000699
SAS00699,Circuit ID,CIR000699
SAS00699,Postcode,MK16 1AA
SAS00699,Technology Type,FTTP
SAS00700,Access Line ID,AL000700
SAS00700,Circuit ID,CIR000700
SAS00700,Postcode,MK18 6AA
SAS00700,Technology Type,FTTC
SAS00701,Access Line ID,AL000701
SAS00701,Circuit ID,CIR000701
SAS00701,Postcode,MK17 5AA
SAS00701,Technology Type,FTTP
SAS00702,Access Line ID,AL000702
SAS00702,Circuit ID,CIR000702
SAS00702,Postcode,MK1 4AA
SAS00702,Technology Type,Copper
SAS00703,Access Line ID,AL000703
SAS00703,Circuit ID,CIR000703
SAS00703,Postcode,MK3 3AA
SAS00703,Technology Type,Copper
SAS00704,Access Line ID,AL000704
SAS00704,Circuit ID,CIR000704
SAS00704,Postcode,MK18 3AA
SAS00704,Technology Type,FTTC
SAS00705,Access Line ID,AL000705
SAS00705,Circuit ID,CIR000705
SAS00705,Postcode,MK10 6AA
SAS00705,Technology Type,Copper
SAS00706,Access Line ID,AL000706
SAS00706,Circuit ID,CIR000706
SAS00706,Postcode,MK16 4AA
SAS00706,Technology Type,FTTC
SAS00707,Access Line ID,AL000707
SAS00707,Circuit ID,CIR000707
SAS00707,Postcode,MK7 9AA
SAS00707,Technology Type,FTTP
SAS00708,Access Line ID,AL000708
SAS00708,Circuit ID,CIR000708
SAS00708,Postcode,MK7 2AA
SAS00708,Technology Type,FTTC
SAS00709,Access Line ID,AL000709
SAS00709,Circuit ID,CIR000709
SAS00709,Postcode,MK17 3AA
SAS00709,Technology Type,Copper
SAS00710,Access Line ID,AL000710
SAS00710,Circuit ID,CIR000710
SAS00710,Postcode,MK10 6AA
SAS00710,Technology Type,FTTP
SAS00711,Access Line ID,AL000711
SAS00711,Circuit ID,CIR000711
SAS00711,Postcode,MK5 4AA
SAS00711,Technology Type,FTTC
SAS00712,Access Line ID,AL000712
SAS00712,Circuit ID,CIR000712
SAS00712,Postcode,MK4 1AA
SAS00712,Technology Type,FTTC
SAS00713,Access Line ID,AL000713
SAS00713,Circuit ID,CIR000713
SAS00713,Postcode,MK11 8AA
SAS00713,Technology Type,FTTC
SAS00714,Access Line ID,AL000714
SAS00714,Circuit ID,CIR000714
SAS00714,Postcode,MK1 5AA
SAS00714,Technology Type,FTTC
SAS00715,Access Line ID,AL000715
SAS00715,Circuit ID,CIR000715
SAS00715,Postcode,MK10 5AA
SAS00715,Technology Type,FTTC
SAS00716,Access Line ID,AL000716
SAS00716,Circuit ID,CIR000716
SAS00716,Postcode,MK9 3AA
SAS00716,Technology Type,FTTP
SAS00717,Access Line ID,AL000717
SAS00717,Circuit ID,CIR000717
SAS00717,Postcode,MK4 4AA
SAS00717,Technology Type,FTTP
SAS00718,Access Line ID,AL000718
SAS00718,Circuit ID,CIR000718
SAS00718,Postcode,MK5 5AA
SAS00718,Technology Type,FTTP
SAS00719,Access Line ID,AL000719
SAS00719,Circuit ID,CIR000719
SAS00719,Postcode,MK20 6AA
SAS00719,Technology Type,FTTC
SAS00720,Access Line ID,AL000720
SAS00720,Circuit ID,CIR000720
SAS00720,Postcode,MK16 1AA
SAS00720,Technology Type,FTTP
SAS00721,Access Line ID,AL000721
SAS00721,Circuit ID,CIR000721
SAS00721,Postcode,MK13 3AA
SAS00721,Technology Type,FTTP
SAS00722,Access Line ID,AL000722
SAS00722,Circuit ID,CIR000722
SAS00722,Postcode,MK20 6AA
SAS00722,Technology Type,Copper
SAS00723,Access Line ID,AL000723
SAS00723,Circuit ID,CIR000723
SAS00723,Postcode,MK3 8AA
SAS00723,Technology Type,FTTP
SAS00724,Access Line ID,AL000724
SAS00724,Circuit ID,CIR000724
SAS00724,Postcode,MK4 8AA
SAS00724,Technology Type,FTTC
SAS00725,Access Line ID,AL000725
SAS00725,Circuit ID,CIR000725
SAS00725,Postcode,MK16 4AA
SAS00725,Technology Type,Copper
SAS00726,Access Line ID,AL000726
SAS00726,Circuit ID,CIR000726
SAS00726,Postcode,MK12 7AA
SAS00726,Technology Type,FTTC
SAS00727,Access Line ID,AL000727
SAS00727,Circuit ID,CIR000727
SAS00727,Postcode,MK11 8AA
SAS00727,Technology Type,Copper
SAS00728,Access Line ID,AL000728
SAS00728,Circuit ID,CIR000728
SAS00728,Postcode,MK12 8AA
SAS00728,Technology Type,FTTC
SAS00729,Access Line ID,AL000729
SAS00729,Circuit ID,CIR000729
SAS00729,Postcode,MK20 3AA
SAS00729,Technology Type,FTTC
SAS00730,Access Line ID,AL000730
SAS00730,Circuit ID,CIR000730
SAS00730,Postcode,MK11 9AA
SAS00730,Technology Type,FTTC
SAS00731,Access Line ID,AL000731
SAS00731,Circuit ID,CIR000731
SAS00731,Postcode,MK15 7AA
SAS00731,Technology Type,FTTC
SAS00732,Access Line ID,AL000732
SAS00732,Circuit ID,CIR000732
SAS00732,Postcode,MK18 3AA
SAS00732,Technology Type,FTTP
SAS00733,Access Line ID,AL000733
SAS00733,Circuit ID,CIR000733
SAS00733,Postcode,MK7 7AA
SAS00733,Technology Type,FTTP
SAS00734,Access Line ID,AL000734
SAS00734,Circuit ID,CIR000734
SAS00734,Postcode,MK18 4AA
SAS00734,Technology Type,FTTP
SAS00735,Access Line ID,AL000735
SAS00735,Circuit ID,CIR000735
SAS00735,Postcode,MK4 8AA
SAS00735,Technology Type,Copper
SAS00736,Access Line ID,AL000736
SAS00736,Circuit ID,CIR000736
SAS00736,Postcode,MK6 5AA
SAS00736,Technology Type,Copper
SAS00737,Access Line ID,AL000737
SAS00737,Circuit ID,CIR000737
SAS00737,Postcode,MK20 7AA
SAS00737,Technology Type,FTTP
SAS00738,Access Line ID,AL000738
SAS00738,Circuit ID,CIR000738
SAS00738,Postcode,MK3 4AA
SAS00738,Technology Type,FTTP
SAS00739,Access Line ID,AL000739
SAS00739,Circuit ID,CIR000739
SAS00739,Postcode,MK5 3AA
SAS00739,Technology Type,FTTC
SAS00740,Access Line ID,AL000740
SAS00740,Circuit ID,CIR000740
SAS00740,Postcode,MK7 4AA
SAS00740,Technology Type,Copper
SAS00741,Access Line ID,AL000741
SAS00741,Circuit ID,CIR000741
SAS00741,Postcode,MK14 6AA
SAS00741,Technology Type,FTTP
SAS00742,Access Line ID,AL000742
SAS00742,Circuit ID,CIR000742
SAS00742,Postcode,MK13 3AA
SAS00742,Technology Type,Copper
SAS00743,Access Line ID,AL000743
SAS00743,Circuit ID,CIR000743
SAS00743,Postcode,MK1 9AA
SAS00743,Technology Type,FTTP
SAS00744,Access Line ID,AL000744
SAS00744,Circuit ID,CIR000744
SAS00744,Postcode,MK1 4AA
SAS00744,Technology Type,FTTP
SAS00745,Access Line ID,AL000745
SAS00745,Circuit ID,CIR000745
SAS00745,Postcode,MK13 7AA
SAS00745,Technology Type,Copper
SAS00746,Access Line ID,AL000746
SAS00746,Circuit ID,CIR000746
SAS00746,Postcode,MK16 3AA
SAS00746,Technology Type,FTTP
SAS00747,Access Line ID,AL000747
SAS00747,Circuit ID,CIR000747
SAS00747,Postcode,MK14 3AA
SAS00747,Technology Type,Copper
SAS00748,Access Line ID,AL000748
SAS00748,Circuit ID,CIR000748
SAS00748,Postcode,MK3 1AA
SAS00748,Technology Type,Copper
SAS00749,Access Line ID,AL000749
SAS00749,Circuit ID,CIR000749
SAS00749,Postcode,MK5 2AA
SAS00749,Technology Type,Copper
SAS00750,Access Line ID,AL000750
SAS00750,Circuit ID,CIR000750
SAS00750,Postcode,MK20 7AA
SAS00750,Technology Type,Copper
SAS00751,Access Line ID,AL000751
SAS00751,Circuit ID,CIR000751
SAS00751,Postcode,MK18 8AA
SAS00751,Technology Type,FTTC
SAS00752,Access Line ID,AL000752
SAS00752,Circuit ID,CIR000752
SAS00752,Postcode,MK20 1AA
SAS00752,Technology Type,FTTP
SAS00753,Access Line ID,AL000753
SAS00753,Circuit ID,CIR000753
SAS00753,Postcode,MK17 5AA
SAS00753,Technology Type,FTTP
SAS00754,Access Line ID,AL000754
SAS00754,Circuit ID,CIR000754
SAS00754,Postcode,MK2 8AA
SAS00754,Technology Type,Copper
SAS00755,Access Line ID,AL000755
SAS00755,Circuit ID,CIR000755
SAS00755,Postcode,MK3 3AA
SAS00755,Technology Type,FTTP
SAS00756,Access Line ID,AL000756
SAS00756,Circuit ID,CIR000756
SAS00756,Postcode,MK15 9AA
SAS00756,Technology Type,Copper
SAS00757,Access Line ID,AL000757
SAS00757,Circuit ID,CIR000757
SAS00757,Postcode,MK8 8AA
SAS00757,Technology Type,Copper
SAS00758,Access Line ID,AL000758
SAS00758,Circuit ID,CIR000758
SAS00758,Postcode,MK18 5AA
SAS00758,Technology Type,Copper
SAS00759,Access Line ID,AL000759
SAS00759,Circuit ID,CIR000759
SAS00759,Postcode,MK1 8AA
SAS00759,Technology Type,FTTC
SAS00760,Access Line ID,AL000760
SAS00760,Circuit ID,CIR000760
SAS00760,Postcode,MK14 6AA
SAS00760,Technology Type,Copper
SAS00761,Access Line ID,AL000761
SAS00761,Circuit ID,CIR000761
SAS00761,Postcode,MK20 5AA
SAS00761,Technology Type,FTTP
SAS00762,Access Line ID,AL000762
SAS00762,Circuit ID,CIR000762
SAS00762,Postcode,MK19 3AA
SAS00762,Technology Type,Copper
SAS00763,Access Line ID,AL000763
SAS00763,Circuit ID,CIR000763
SAS00763,Postcode,MK20 1AA
SAS00763,Technology Type,FTTC
SAS00764,Access Line ID,AL000764
SAS00764,Circuit ID,CIR000764
SAS00764,Postcode,MK3 5AA
SAS00764,Technology Type,FTTP
SAS00765,Access Line ID,AL000765
SAS00765,Circuit ID,CIR000765
SAS00765,Postcode,MK9 1AA
SAS00765,Technology Type,FTTC
SAS00766,Access Line ID,AL000766
SAS00766,Circuit ID,CIR000766
SAS00766,Postcode,MK15 6AA
SAS00766,Technology Type,FTTC
SAS00767,Access Line ID,AL000767
SAS00767,Circuit ID,CIR000767
SAS00767,Postcode,MK16 3AA
SAS00767,Technology Type,FTTC
SAS00768,Access Line ID,AL000768
SAS00768,Circuit ID,CIR000768
SAS00768,Postcode,MK3 3AA
SAS00768,Technology Type,Copper
SAS00769,Access Line ID,AL000769
SAS00769,Circuit ID,CIR000769
SAS00769,Postcode,MK13 4AA
SAS00769,Technology Type,FTTC
SAS00770,Access Line ID,AL000770
SAS00770,Circuit ID,CIR000770
SAS00770,Postcode,MK7 6AA
SAS00770,Technology Type,FTTP
SAS00771,Access Line ID,AL000771
SAS00771,Circuit ID,CIR000771
SAS00771,Postcode,MK2 3AA
SAS00771,Technology Type,Copper
SAS00772,Access Line ID,AL000772
SAS00772,Circuit ID,CIR000772
SAS00772,Postcode,MK18 4AA
SAS00772,Technology Type,FTTP
SAS00773,Access Line ID,AL000773
SAS00773,Circuit ID,CIR000773
SAS00773,Postcode,MK9 3AA
SAS00773,Technology Type,Copper
SAS00774,Access Line ID,AL000774
SAS00774,Circuit ID,CIR000774
SAS00774,Postcode,MK13 6AA
SAS00774,Technology Type,FTTP
SAS00775,Access Line ID,AL000775
SAS00775,Circuit ID,CIR000775
SAS00775,Postcode,MK4 9AA
SAS00775,Technology Type,Copper
SAS00776,Access Line ID,AL000776
SAS00776,Circuit ID,CIR000776
SAS00776,Postcode,MK20 5AA
SAS00776,Technology Type,FTTP
SAS00777,Access Line ID,AL000777
SAS00777,Circuit ID,CIR000777
SAS00777,Postcode,MK9 7AA
SAS00777,Technology Type,FTTP
SAS00778,Access Line ID,AL000778
SAS00778,Circuit ID,CIR000778
SAS00778,Postcode,MK17 6AA
SAS00778,Technology Type,Copper
SAS00779,Access Line ID,AL000779
SAS00779,Circuit ID,CIR000779
SAS00779,Postcode,MK18 1AA
SAS00779,Technology Type,Copper
SAS00780,Access Line ID,AL000780
SAS00780,Circuit ID,CIR000780
SAS00780,Postcode,MK14 2AA
SAS00780,Technology Type,FTTC
SAS00781,Access Line ID,AL000781
SAS00781,Circuit ID,CIR000781
SAS00781,Postcode,MK8 5AA
SAS00781,Technology Type,FTTC
SAS00782,Access Line ID,AL000782
SAS00782,Circuit ID,CIR000782
SAS00782,Postcode,MK2 4AA
SAS00782,Technology Type,FTTC
SAS00783,Access Line ID,AL000783
SAS00783,Circuit ID,CIR000783
SAS00783,Postcode,MK3 3AA
SAS00783,Technology Type,Copper
SAS00784,Access Line ID,AL000784
SAS00784,Circuit ID,CIR000784
SAS00784,Postcode,MK4 3AA
SAS00784,Technology Type,Copper
SAS00785,Access Line ID,AL000785
SAS00785,Circuit ID,CIR000785
SAS00785,Postcode,MK15 5AA
SAS00785,Technology Type,FTTP
SAS00786,Access Line ID,AL000786
SAS00786,Circuit ID,CIR000786
SAS00786,Postcode,MK9 3AA
SAS00786,Technology Type,FTTP
SAS00787,Access Line ID,AL000787
SAS00787,Circuit ID,CIR000787
SAS00787,Postcode,MK13 7AA
SAS00787,Technology Type,FTTC
SAS00788,Access Line ID,AL000788
SAS00788,Circuit ID,CIR000788
SAS00788,Postcode,MK6 8AA
SAS00788,Technology Type,FTTC
SAS00789,Access Line ID,AL000789
SAS00789,Circuit ID,CIR000789
SAS00789,Postcode,MK20 7AA
SAS00789,Technology Type,FTTP
SAS00790,Access Line ID,AL000790
SAS00790,Circuit ID,CIR000790
SAS00790,Postcode,MK18 7AA
SAS00790,Technology Type,Copper
SAS00791,Access Line ID,AL000791
SAS00791,Circuit ID,CIR000791
SAS00791,Postcode,MK9 2AA
SAS00791,Technology Type,Copper
SAS00792,Access Line ID,AL000792
SAS00792,Circuit ID,CIR000792
SAS00792,Postcode,MK15 1AA
SAS00792,Technology Type,FTTC
SAS00793,Access Line ID,AL000793
SAS00793,Circuit ID,CIR000793
SAS00793,Postcode,MK2 7AA
SAS00793,Technology Type,FTTP
SAS00794,Access Line ID,AL000794
SAS00794,Circuit ID,CIR000794
SAS00794,Postcode,MK19 1AA
SAS00794,Technology Type,FTTC
SAS00795,Access Line ID,AL000795
SAS00795,Circuit ID,CIR000795
SAS00795,Postcode,MK16 7AA
SAS00795,Technology Type,Copper
SAS00796,Access Line ID,AL000796
SAS00796,Circuit ID,CIR000796
SAS00796,Postcode,MK18 4AA
SAS00796,Technology Type,Copper
SAS00797,Access Line ID,AL000797
SAS00797,Circuit ID,CIR000797
SAS00797,Postcode,MK4 9AA
SAS00797,Technology Type,FTTP
SAS00798,Access Line ID,AL000798
SAS00798,Circuit ID,CIR000798
SAS00798,Postcode,MK13 1AA
SAS00798,Technology Type,FTTP
SAS00799,Access Line ID,AL000799
SAS00799,Circuit ID,CIR000799
SAS00799,Postcode,MK11 2AA
SAS00799,Technology Type,Copper
SAS00800,Access Line ID,AL000800
SAS00800,Circuit ID,CIR000800
SAS00800,Postcode,MK7 3AA
SAS00800,Technology Type,FTTP
SAS00801,Access Line ID,AL000801
SAS00801,Circuit ID,CIR000801
SAS00801,Postcode,MK10 7AA
SAS00801,Technology Type,FTTC
SAS00802,Access Line ID,AL000802
SAS00802,Circuit ID,CIR000802
SAS00802,Postcode,MK16 2AA
SAS00802,Technology Type,FTTC
SAS00803,Access Line ID,AL000803
SAS00803,Circuit ID,CIR000803
SAS00803,Postcode,MK5 1AA
SAS00803,Technology Type,Copper
SAS00804,Access Line ID,AL000804
SAS00804,Circuit ID,CIR000804
SAS00804,Postcode,MK16 7AA
SAS00804,Technology Type,FTTC
SAS00805,Access Line ID,AL000805
SAS00805,Circuit ID,CIR000805
SAS00805,Postcode,MK18 8AA
SAS00805,Technology Type,Copper
SAS00806,Access Line ID,AL000806
SAS00806,Circuit ID,CIR000806
SAS00806,Postcode,MK11 1AA
SAS00806,Technology Type,FTTC
SAS00807,Access Line ID,AL000807
SAS00807,Circuit ID,CIR000807
SAS00807,Postcode,MK15 9AA
SAS00807,Technology Type,FTTC
SAS00808,Access Line ID,AL000808
SAS00808,Circuit ID,CIR000808
SAS00808,Postcode,MK2 3AA
SAS00808,Technology Type,Copper
SAS00809,Access Line ID,AL000809
SAS00809,Circuit ID,CIR000809
SAS00809,Postcode,MK8 3AA
SAS00809,Technology Type,Copper
SAS00810,Access Line ID,AL000810
SAS00810,Circuit ID,CIR000810
SAS00810,Postcode,MK4 8AA
SAS00810,Technology Type,FTTC
SAS00811,Access Line ID,AL000811
SAS00811,Circuit ID,CIR000811
SAS00811,Postcode,MK4 2AA
SAS00811,Technology Type,FTTC
SAS00812,Access Line ID,AL000812
SAS00812,Circuit ID,CIR000812
SAS00812,Postcode,MK3 4AA
SAS00812,Technology Type,Copper
SAS00813,Access Line ID,AL000813
SAS00813,Circuit ID,CIR000813
SAS00813,Postcode,MK11 2AA
SAS00813,Technology Type,FTTP
SAS00814,Access Line ID,AL000814
SAS00814,Circuit ID,CIR000814
SAS00814,Postcode,MK11 4AA
SAS00814,Technology Type,Copper
SAS00815,Access Line ID,AL000815
SAS00815,Circuit ID,CIR000815
SAS00815,Postcode,MK3 2AA
SAS00815,Technology Type,FTTC
SAS00816,Access Line ID,AL000816
SAS00816,Circuit ID,CIR000816
SAS00816,Postcode,MK12 9AA
SAS00816,Technology Type,FTTC
SAS00817,Access Line ID,AL000817
SAS00817,Circuit ID,CIR000817
SAS00817,Postcode,MK5 2AA
SAS00817,Technology Type,FTTP
SAS00818,Access Line ID,AL000818
SAS00818,Circuit ID,CIR000818
SAS00818,Postcode,MK1 8AA
SAS00818,Technology Type,Copper
SAS00819,Access Line ID,AL000819
SAS00819,Circuit ID,CIR000819
SAS00819,Postcode,MK19 5AA
SAS00819,Technology Type,FTTC
SAS00820,Access Line ID,AL000820
SAS00820,Circuit ID,CIR000820
SAS00820,Postcode,MK5 4AA
SAS00820,Technology Type,Copper
SAS00821,Access Line ID,AL000821
SAS00821,Circuit ID,CIR000821
SAS00821,Postcode,MK14 4AA
SAS00821,Technology Type,Copper
SAS00822,Access Line ID,AL000822
SAS00822,Circuit ID,CIR000822
SAS00822,Postcode,MK20 3AA
SAS00822,Technology Type,FTTC
SAS00823,Access Line ID,AL000823
SAS00823,Circuit ID,CIR000823
SAS00823,Postcode,MK10 6AA
SAS00823,Technology Type,FTTP
SAS00824,Access Line ID,AL000824
SAS00824,Circuit ID,CIR000824
SAS00824,Postcode,MK4 9AA
SAS00824,Technology Type,FTTC
SAS00825,Access Line ID,AL000825
SAS00825,Circuit ID,CIR000825
SAS00825,Postcode,MK8 8AA
SAS00825,Technology Type,Copper
SAS00826,Access Line ID,AL000826
SAS00826,Circuit ID,CIR000826
SAS00826,Postcode,MK2 4AA
SAS00826,Technology Type,Copper
SAS00827,Access Line ID,AL000827
SAS00827,Circuit ID,CIR000827
SAS00827,Postcode,MK16 3AA
SAS00827,Technology Type,FTTC
SAS00828,Access Line ID,AL000828
SAS00828,Circuit ID,CIR000828
SAS00828,Postcode,MK12 5AA
SAS00828,Technology Type,Copper
SAS00829,Access Line ID,AL000829
SAS00829,Circuit ID,CIR000829
SAS00829,Postcode,MK2 2AA
SAS00829,Technology Type,FTTP
SAS00830,Access Line ID,AL000830
SAS00830,Circuit ID,CIR000830
SAS00830,Postcode,MK6 1AA
SAS00830,Technology Type,FTTC
SAS00831,Access Line ID,AL000831
SAS00831,Circuit ID,CIR000831
SAS00831,Postcode,MK15 6AA
SAS00831,Technology Type,Copper
SAS00832,Access Line ID,AL000832
SAS00832,Circuit ID,CIR000832
SAS00832,Postcode,MK8 2AA
SAS00832,Technology Type,FTTC
SAS00833,Access Line ID,AL000833
SAS00833,Circuit ID,CIR000833
SAS00833,Postcode,MK7 7AA
SAS00833,Technology Type,FTTC
SAS00834,Access Line ID,AL000834
SAS00834,Circuit ID,CIR000834
SAS00834,Postcode,MK2 7AA
SAS00834,Technology Type,FTTC
SAS00835,Access Line ID,AL000835
SAS00835,Circuit ID,CIR000835
SAS00835,Postcode,MK6 7AA
SAS00835,Technology Type,FTTC
SAS00836,Access Line ID,AL000836
SAS00836,Circuit ID,CIR000836
SAS00836,Postcode,MK12 5AA
SAS00836,Technology Type,FTTC
SAS00837,Access Line ID,AL000837
SAS00837,Circuit ID,CIR000837
SAS00837,Postcode,MK9 3AA
SAS00837,Technology Type,FTTP
SAS00838,Access Line ID,AL000838
SAS00838,Circuit ID,CIR000838
SAS00838,Postcode,MK11 4AA
SAS00838,Technology Type,FTTP
SAS00839,Access Line ID,AL000839
SAS00839,Circuit ID,CIR000839
SAS00839,Postcode,MK19 9AA
SAS00839,Technology Type,FTTP
SAS00840,Access Line ID,AL000840
SAS00840,Circuit ID,CIR000840
SAS00840,Postcode,MK16 4AA
SAS00840,Technology Type,FTTC
SAS00841,Access Line ID,AL000841
SAS00841,Circuit ID,CIR000841
SAS00841,Postcode,MK1 7AA
SAS00841,Technology Type,FTTP
SAS00842,Access Line ID,AL000842
SAS00842,Circuit ID,CIR000842
SAS00842,Postcode,MK19 4AA
SAS00842,Technology Type,FTTC
SAS00843,Access Line ID,AL000843
SAS00843,Circuit ID,CIR000843
SAS00843,Postcode,MK14 1AA
SAS00843,Technology Type,Copper
SAS00844,Access Line ID,AL000844
SAS00844,Circuit ID,CIR000844
SAS00844,Postcode,MK2 7AA
SAS00844,Technology Type,FTTP
SAS00845,Access Line ID,AL000845
SAS00845,Circuit ID,CIR000845
SAS00845,Postcode,MK15 8AA
SAS00845,Technology Type,FTTP
SAS00846,Access Line ID,AL000846
SAS00846,Circuit ID,CIR000846
SAS00846,Postcode,MK14 4AA
SAS00846,Technology Type,FTTC
SAS00847,Access Line ID,AL000847
SAS00847,Circuit ID,CIR000847
SAS00847,Postcode,MK1 8AA
SAS00847,Technology Type,FTTP
SAS00848,Access Line ID,AL000848
SAS00848,Circuit ID,CIR000848
SAS00848,Postcode,MK19 1AA
SAS00848,Technology Type,FTTP
SAS00849,Access Line ID,AL000849
SAS00849,Circuit ID,CIR000849
SAS00849,Postcode,MK13 3AA
SAS00849,Technology Type,FTTP
SAS00850,Access Line ID,AL000850
SAS00850,Circuit ID,CIR000850
SAS00850,Postcode,MK3 7AA
SAS00850,Technology Type,FTTP
SAS00851,Access Line ID,AL000851
SAS00851,Circuit ID,CIR000851
SAS00851,Postcode,MK10 7AA
SAS00851,Technology Type,Copper
SAS00852,Access Line ID,AL000852
SAS00852,Circuit ID,CIR000852
SAS00852,Postcode,MK3 6AA
SAS00852,Technology Type,FTTP
SAS00853,Access Line ID,AL000853
SAS00853,Circuit ID,CIR000853
SAS00853,Postcode,MK2 2AA
SAS00853,Technology Type,FTTC
SAS00854,Access Line ID,AL000854
SAS00854,Circuit ID,CIR000854
SAS00854,Postcode,MK12 6AA
SAS00854,Technology Type,FTTP
SAS00855,Access Line ID,AL000855
SAS00855,Circuit ID,CIR000855
SAS00855,Postcode,MK18 4AA
SAS00855,Technology Type,Copper
SAS00856,Access Line ID,AL000856
SAS00856,Circuit ID,CIR000856
SAS00856,Postcode,MK16 4AA
SAS00856,Technology Type,FTTP
SAS00857,Access Line ID,AL000857
SAS00857,Circuit ID,CIR000857
SAS00857,Postcode,MK12 5AA
SAS00857,Technology Type,Copper
SAS00858,Access Line ID,AL000858
SAS00858,Circuit ID,CIR000858
SAS00858,Postcode,MK3 6AA
SAS00858,Technology Type,Copper
SAS00859,Access Line ID,AL000859
SAS00859,Circuit ID,CIR000859
SAS00859,Postcode,MK4 8AA
SAS00859,Technology Type,FTTP
SAS00860,Access Line ID,AL000860
SAS00860,Circuit ID,CIR000860
SAS00860,Postcode,MK10 8AA
SAS00860,Technology Type,Copper
SAS00861,Access Line ID,AL000861
SAS00861,Circuit ID,CIR000861
SAS00861,Postcode,MK7 8AA
SAS00861,Technology Type,FTTP
SAS00862,Access Line ID,AL000862
SAS00862,Circuit ID,CIR000862
SAS00862,Postcode,MK10 2AA
SAS00862,Technology Type,FTTC
SAS00863,Access Line ID,AL000863
SAS00863,Circuit ID,CIR000863
SAS00863,Postcode,MK16 3AA
SAS00863,Technology Type,FTTC
SAS00864,Access Line ID,AL000864
SAS00864,Circuit ID,CIR000864
SAS00864,Postcode,MK10 7AA
SAS00864,Technology Type,FTTC
SAS00865,Access Line ID,AL000865
SAS00865,Circuit ID,CIR000865
SAS00865,Postcode,MK16 6AA
SAS00865,Technology Type,Copper
SAS00866,Access Line ID,AL000866
SAS00866,Circuit ID,CIR000866
SAS00866,Postcode,MK10 4AA
SAS00866,Technology Type,FTTP
SAS00867,Access Line ID,AL000867
SAS00867,Circuit ID,CIR000867
SAS00867,Postcode,MK17 6AA
SAS00867,Technology Type,FTTC
SAS00868,Access Line ID,AL000868
SAS00868,Circuit ID,CIR000868
SAS00868,Postcode,MK16 9AA
SAS00868,Technology Type,Copper
SAS00869,Access Line ID,AL000869
SAS00869,Circuit ID,CIR000869
SAS00869,Postcode,MK19 3AA
SAS00869,Technology Type,Copper
SAS00870,Access Line ID,AL000870
SAS00870,Circuit ID,CIR000870
SAS00870,Postcode,MK8 8AA
SAS00870,Technology Type,FTTP
SAS00871,Access Line ID,AL000871
SAS00871,Circuit ID,CIR000871
SAS00871,Postcode,MK5 6AA
SAS00871,Technology Type,FTTP
SAS00872,Access Line ID,AL000872
SAS00872,Circuit ID,CIR000872
SAS00872,Postcode,MK18 5AA
SAS00872,Technology Type,FTTP
SAS00873,Access Line ID,AL000873
SAS00873,Circuit ID,CIR000873
SAS00873,Postcode,MK6 4AA
SAS00873,Technology Type,FTTC
SAS00874,Access Line ID,AL000874
SAS00874,Circuit ID,CIR000874
SAS00874,Postcode,MK15 5AA
SAS00874,Technology Type,FTTC
SAS00875,Access Line ID,AL000875
SAS00875,Circuit ID,CIR000875
SAS00875,Postcode,MK11 6AA
SAS00875,Technology Type,FTTC
SAS00876,Access Line ID,AL000876
SAS00876,Circuit ID,CIR000876
SAS00876,Postcode,MK18 5AA
SAS00876,Technology Type,FTTP
SAS00877,Access Line ID,AL000877
SAS00877,Circuit ID,CIR000877
SAS00877,Postcode,MK5 8AA
SAS00877,Technology Type,FTTC
SAS00878,Access Line ID,AL000878
SAS00878,Circuit ID,CIR000878
SAS00878,Postcode,MK11 5AA
SAS00878,Technology Type,FTTP
SAS00879,Access Line ID,AL000879
SAS00879,Circuit ID,CIR000879
SAS00879,Postcode,MK19 8AA
SAS00879,Technology Type,FTTP
SAS00880,Access Line ID,AL000880
SAS00880,Circuit ID,CIR000880
SAS00880,Postcode,MK2 3AA
SAS00880,Technology Type,Copper
SAS00881,Access Line ID,AL000881
SAS00881,Circuit ID,CIR000881
SAS00881,Postcode,MK13 4AA
SAS00881,Technology Type,Copper
SAS00882,Access Line ID,AL000882
SAS00882,Circuit ID,CIR000882
SAS00882,Postcode,MK20 4AA
SAS00882,Technology Type,FTTP
SAS00883,Access Line ID,AL000883
SAS00883,Circuit ID,CIR000883
SAS00883,Postcode,MK7 1AA
SAS00883,Technology Type,Copper
SAS00884,Access Line ID,AL000884
SAS00884,Circuit ID,CIR000884
SAS00884,Postcode,MK17 7AA
SAS00884,Technology Type,Copper
SAS00885,Access Line ID,AL000885
SAS00885,Circuit ID,CIR000885
SAS00885,Postcode,MK2 6AA
SAS00885,Technology Type,FTTP
SAS00886,Access Line ID,AL000886
SAS00886,Circuit ID,CIR000886
SAS00886,Postcode,MK12 7AA
SAS00886,Technology Type,FTTC
SAS00887,Access Line ID,AL000887
SAS00887,Circuit ID,CIR000887
SAS00887,Postcode,MK10 8AA
SAS00887,Technology Type,FTTC
SAS00888,Access Line ID,AL000888
SAS00888,Circuit ID,CIR000888
SAS00888,Postcode,MK14 8AA
SAS00888,Technology Type,Copper
SAS00889,Access Line ID,AL000889
SAS00889,Circuit ID,CIR000889
SAS00889,Postcode,MK14 3AA
SAS00889,Technology Type,FTTC
SAS00890,Access Line ID,AL000890
SAS00890,Circuit ID,CIR000890
SAS00890,Postcode,MK7 5AA
SAS00890,Technology Type,Copper
SAS00891,Access Line ID,AL000891
SAS00891,Circuit ID,CIR000891
SAS00891,Postcode,MK19 7AA
SAS00891,Technology Type,Copper
SAS00892,Access Line ID,AL000892
SAS00892,Circuit ID,CIR000892
SAS00892,Postcode,MK14 3AA
SAS00892,Technology Type,FTTC
SAS00893,Access Line ID,AL000893
SAS00893,Circuit ID,CIR000893
SAS00893,Postcode,MK7 3AA
SAS00893,Technology Type,FTTP
SAS00894,Access Line ID,AL000894
SAS00894,Circuit ID,CIR000894
SAS00894,Postcode,MK2 5AA
SAS00894,Technology Type,FTTP
SAS00895,Access Line ID,AL000895
SAS00895,Circuit ID,CIR000895
SAS00895,Postcode,MK8 1AA
SAS00895,Technology Type,Copper
SAS00896,Access Line ID,AL000896
SAS00896,Circuit ID,CIR000896
SAS00896,Postcode,MK16 2AA
SAS00896,Technology Type,FTTC
SAS00897,Access Line ID,AL000897
SAS00897,Circuit ID,CIR000897
SAS00897,Postcode,MK6 8AA
SAS00897,Technology Type,Copper
SAS00898,Access Line ID,AL000898
SAS00898,Circuit ID,CIR000898
SAS00898,Postcode,MK4 5AA
SAS00898,Technology Type,Copper
SAS00899,Access Line ID,AL000899
SAS00899,Circuit ID,CIR000899
SAS00899,Postcode,MK19 8AA
SAS00899,Technology Type,FTTC
SAS00900,Access Line ID,AL000900
SAS00900,Circuit ID,CIR000900
SAS00900,Postcode,MK4 6AA
SAS00900,Technology Type,FTTP
SAS00901,Access Line ID,AL000901
SAS00901,Circuit ID,CIR000901
SAS00901,Postcode,MK6 1AA
SAS00901,Technology Type,Copper
SAS00902,Access Line ID,AL000902
SAS00902,Circuit ID,CIR000902
SAS00902,Postcode,MK12 3AA
SAS00902,Technology Type,FTTP
SAS00903,Access Line ID,AL000903
SAS00903,Circuit ID,CIR000903
SAS00903,Postcode,MK2 5AA
SAS00903,Technology Type,FTTP
SAS00904,Access Line ID,AL000904
SAS00904,Circuit ID,CIR000904
SAS00904,Postcode,MK17 4AA
SAS00904,Technology Type,Copper
SAS00905,Access Line ID,AL000905
SAS00905,Circuit ID,CIR000905
SAS00905,Postcode,MK20 3AA
SAS00905,Technology Type,Copper
SAS00906,Access Line ID,AL000906
SAS00906,Circuit ID,CIR000906
SAS00906,Postcode,MK9 6AA
SAS00906,Technology Type,FTTP
SAS00907,Access Line ID,AL000907
SAS00907,Circuit ID,CIR000907
SAS00907,Postcode,MK1 3AA
SAS00907,Technology Type,Copper
SAS00908,Access Line ID,AL000908
SAS00908,Circuit ID,CIR000908
SAS00908,Postcode,MK14 6AA
SAS00908,Technology Type,FTTP
SAS00909,Access Line ID,AL000909
SAS00909,Circuit ID,CIR000909
SAS00909,Postcode,MK17 4AA
SAS00909,Technology Type,FTTC
SAS00910,Access Line ID,AL000910
SAS00910,Circuit ID,CIR000910
SAS00910,Postcode,MK18 9AA
SAS00910,Technology Type,FTTC
SAS00911,Access Line ID,AL000911
SAS00911,Circuit ID,CIR000911
SAS00911,Postcode,MK4 3AA
SAS00911,Technology Type,FTTC
SAS00912,Access Line ID,AL000912
SAS00912,Circuit ID,CIR000912
SAS00912,Postcode,MK12 3AA
SAS00912,Technology Type,FTTC
SAS00913,Access Line ID,AL000913
SAS00913,Circuit ID,CIR000913
SAS00913,Postcode,MK11 3AA
SAS00913,Technology Type,FTTP
SAS00914,Access Line ID,AL000914
SAS00914,Circuit ID,CIR000914
SAS00914,Postcode,MK8 3AA
SAS00914,Technology Type,FTTP
SAS00915,Access Line ID,AL000915
SAS00915,Circuit ID,CIR000915
SAS00915,Postcode,MK10 3AA
SAS00915,Technology Type,Copper
SAS00916,Access Line ID,AL000916
SAS00916,Circuit ID,CIR000916
SAS00916,Postcode,MK4 2AA
SAS00916,Technology Type,FTTC
SAS00917,Access Line ID,AL000917
SAS00917,Circuit ID,CIR000917
SAS00917,Postcode,MK7 2AA
SAS00917,Technology Type,FTTP
SAS00918,Access Line ID,AL000918
SAS00918,Circuit ID,CIR000918
SAS00918,Postcode,MK16 2AA
SAS00918,Technology Type,Copper
SAS00919,Access Line ID,AL000919
SAS00919,Circuit ID,CIR000919
SAS00919,Postcode,MK1 2AA
SAS00919,Technology Type,FTTP
SAS00920,Access Line ID,AL000920
SAS00920,Circuit ID,CIR000920
SAS00920,Postcode,MK19 4AA
SAS00920,Technology Type,FTTC
SAS00921,Access Line ID,AL000921
SAS00921,Circuit ID,CIR000921
SAS00921,Postcode,MK5 5AA
SAS00921,Technology Type,Copper
SAS00922,Access Line ID,AL000922
SAS00922,Circuit ID,CIR000922
SAS00922,Postcode,MK17 4AA
SAS00922,Technology Type,Copper
SAS00923,Access Line ID,AL000923
SAS00923,Circuit ID,CIR000923
SAS00923,Postcode,MK17 4AA
SAS00923,Technology Type,Copper
SAS00924,Access Line ID,AL000924
SAS00924,Circuit ID,CIR000924
SAS00924,Postcode,MK18 1AA
SAS00924,Technology Type,FTTC
SAS00925,Access Line ID,AL000925
SAS00925,Circuit ID,CIR000925
SAS00925,Postcode,MK17 8AA
SAS00925,Technology Type,Copper
SAS00926,Access Line ID,AL000926
SAS00926,Circuit ID,CIR000926
SAS00926,Postcode,MK4 3AA
SAS00926,Technology Type,Copper
SAS00927,Access Line ID,AL000927
SAS00927,Circuit ID,CIR000927
SAS00927,Postcode,MK7 9AA
SAS00927,Technology Type,FTTP
SAS00928,Access Line ID,AL000928
SAS00928,Circuit ID,CIR000928
SAS00928,Postcode,MK4 8AA
SAS00928,Technology Type,FTTP
SAS00929,Access Line ID,AL000929
SAS00929,Circuit ID,CIR000929
SAS00929,Postcode,MK10 9AA
SAS00929,Technology Type,Copper
SAS00930,Access Line ID,AL000930
SAS00930,Circuit ID,CIR000930
SAS00930,Postcode,MK4 7AA
SAS00930,Technology Type,FTTC
SAS00931,Access Line ID,AL000931
SAS00931,Circuit ID,CIR000931
SAS00931,Postcode,MK15 4AA
SAS00931,Technology Type,FTTP
SAS00932,Access Line ID,AL000932
SAS00932,Circuit ID,CIR000932
SAS00932,Postcode,MK7 2AA
SAS00932,Technology Type,FTTP
SAS00933,Access Line ID,AL000933
SAS00933,Circuit ID,CIR000933
SAS00933,Postcode,MK6 1AA
SAS00933,Technology Type,FTTP
SAS00934,Access Line ID,AL000934
SAS00934,Circuit ID,CIR000934
SAS00934,Postcode,MK15 9AA
SAS00934,Technology Type,FTTP
SAS00935,Access Line ID,AL000935
SAS00935,Circuit ID,CIR000935
SAS00935,Postcode,MK13 7AA
SAS00935,Technology Type,Copper
SAS00936,Access Line ID,AL000936
SAS00936,Circuit ID,CIR000936
SAS00936,Postcode,MK3 6AA
SAS00936,Technology Type,Copper
SAS00937,Access Line ID,AL000937
SAS00937,Circuit ID,CIR000937
SAS00937,Postcode,MK4 4AA
SAS00937,Technology Type,FTTC
SAS00938,Access Line ID,AL000938
SAS00938,Circuit ID,CIR000938
SAS00938,Postcode,MK19 5AA
SAS00938,Technology Type,FTTP
SAS00939,Access Line ID,AL000939
SAS00939,Circuit ID,CIR000939
SAS00939,Postcode,MK16 7AA
SAS00939,Technology Type,Copper
SAS00940,Access Line ID,AL000940
SAS00940,Circuit ID,CIR000940
SAS00940,Postcode,MK4 2AA
SAS00940,Technology Type,Copper
SAS00941,Access Line ID,AL000941
SAS00941,Circuit ID,CIR000941
SAS00941,Postcode,MK1 2AA
SAS00941,Technology Type,FTTP
SAS00942,Access Line ID,AL000942
SAS00942,Circuit ID,CIR000942
SAS00942,Postcode,MK1 3AA
SAS00942,Technology Type,FTTC
SAS00943,Access Line ID,AL000943
SAS00943,Circuit ID,CIR000943
SAS00943,Postcode,MK10 2AA
SAS00943,Technology Type,Copper
SAS00944,Access Line ID,AL000944
SAS00944,Circuit ID,CIR000944
SAS00944,Postcode,MK16 8AA
SAS00944,Technology Type,FTTC
SAS00945,Access Line ID,AL000945
SAS00945,Circuit ID,CIR000945
SAS00945,Postcode,MK17 5AA
SAS00945,Technology Type,FTTP
SAS00946,Access Line ID,AL000946
SAS00946,Circuit ID,CIR000946
SAS00946,Postcode,MK2 7AA
SAS00946,Technology Type,FTTP
SAS00947,Access Line ID,AL000947
SAS00947,Circuit ID,CIR000947
SAS00947,Postcode,MK13 8AA
SAS00947,Technology Type,FTTC
SAS00948,Access Line ID,AL000948
SAS00948,Circuit ID,CIR000948
SAS00948,Postcode,MK6 8AA
SAS00948,Technology Type,FTTC
SAS00949,Access Line ID,AL000949
SAS00949,Circuit ID,CIR000949
SAS00949,Postcode,MK16 2AA
SAS00949,Technology Type,FTTC
SAS00950,Access Line ID,AL000950
SAS00950,Circuit ID,CIR000950
SAS00950,Postcode,MK16 9AA
SAS00950,Technology Type,Copper
SAS00951,Access Line ID,AL000951
SAS00951,Circuit ID,CIR000951
SAS00951,Postcode,MK9 8AA
SAS00951,Technology Type,FTTC
SAS00952,Access Line ID,AL000952
SAS00952,Circuit ID,CIR000952
SAS00952,Postcode,MK10 6AA
SAS00952,Technology Type,FTTP
SAS00953,Access Line ID,AL000953
SAS00953,Circuit ID,CIR000953
SAS00953,Postcode,MK12 6AA
SAS00953,Technology Type,FTTC
SAS00954,Access Line ID,AL000954
SAS00954,Circuit ID,CIR000954
SAS00954,Postcode,MK13 2AA
SAS00954,Technology Type,Copper
SAS00955,Access Line ID,AL000955
SAS00955,Circuit ID,CIR000955
SAS00955,Postcode,MK12 1AA
SAS00955,Technology Type,FTTP
SAS00956,Access Line ID,AL000956
SAS00956,Circuit ID,CIR000956
SAS00956,Postcode,MK19 2AA
SAS00956,Technology Type,FTTC
SAS00957,Access Line ID,AL000957
SAS00957,Circuit ID,CIR000957
SAS00957,Postcode,MK4 6AA
SAS00957,Technology Type,Copper
SAS00958,Access Line ID,AL000958
SAS00958,Circuit ID,CIR000958
SAS00958,Postcode,MK15 7AA
SAS00958,Technology Type,FTTC
SAS00959,Access Line ID,AL000959
SAS00959,Circuit ID,CIR000959
SAS00959,Postcode,MK1 8AA
SAS00959,Technology Type,Copper
SAS00960,Access Line ID,AL000960
SAS00960,Circuit ID,CIR000960
SAS00960,Postcode,MK19 7AA
SAS00960,Technology Type,FTTC
SAS00961,Access Line ID,AL000961
SAS00961,Circuit ID,CIR000961
SAS00961,Postcode,MK4 4AA
SAS00961,Technology Type,Copper
SAS00962,Access Line ID,AL000962
SAS00962,Circuit ID,CIR000962
SAS00962,Postcode,MK6 5AA
SAS00962,Technology Type,FTTP
SAS00963,Access Line ID,AL000963
SAS00963,Circuit ID,CIR000963
SAS00963,Postcode,MK18 4AA
SAS00963,Technology Type,FTTP
SAS00964,Access Line ID,AL000964
SAS00964,Circuit ID,CIR000964
SAS00964,Postcode,MK8 2AA
SAS00964,Technology Type,FTTP
SAS00965,Access Line ID,AL000965
SAS00965,Circuit ID,CIR000965
SAS00965,Postcode,MK9 2AA
SAS00965,Technology Type,Copper
SAS00966,Access Line ID,AL000966
SAS00966,Circuit ID,CIR000966
SAS00966,Postcode,MK12 2AA
SAS00966,Technology Type,Copper
SAS00967,Access Line ID,AL000967
SAS00967,Circuit ID,CIR000967
SAS00967,Postcode,MK14 9AA
SAS00967,Technology Type,FTTP
SAS00968,Access Line ID,AL000968
SAS00968,Circuit ID,CIR000968
SAS00968,Postcode,MK20 9AA
SAS00968,Technology Type,FTTC
SAS00969,Access Line ID,AL000969
SAS00969,Circuit ID,CIR000969
SAS00969,Postcode,MK1 9AA
SAS00969,Technology Type,Copper
SAS00970,Access Line ID,AL000970
SAS00970,Circuit ID,CIR000970
SAS00970,Postcode,MK15 5AA
SAS00970,Technology Type,FTTC
SAS00971,Access Line ID,AL000971
SAS00971,Circuit ID,CIR000971
SAS00971,Postcode,MK19 1AA
SAS00971,Technology Type,Copper
SAS00972,Access Line ID,AL000972
SAS00972,Circuit ID,CIR000972
SAS00972,Postcode,MK8 3AA
SAS00972,Technology Type,FTTC
SAS00973,Access Line ID,AL000973
SAS00973,Circuit ID,CIR000973
SAS00973,Postcode,MK14 6AA
SAS00973,Technology Type,Copper
SAS00974,Access Line ID,AL000974
SAS00974,Circuit ID,CIR000974
SAS00974,Postcode,MK9 5AA
SAS00974,Technology Type,FTTC
SAS00975,Access Line ID,AL000975
SAS00975,Circuit ID,CIR000975
SAS00975,Postcode,MK13 4AA
SAS00975,Technology Type,FTTC
SAS00976,Access Line ID,AL000976
SAS00976,Circuit ID,CIR000976
SAS00976,Postcode,MK10 8AA
SAS00976,Technology Type,FTTC
SAS00977,Access Line ID,AL000977
SAS00977,Circuit ID,CIR000977
SAS00977,Postcode,MK2 4AA
SAS00977,Technology Type,Copper
SAS00978,Access Line ID,AL000978
SAS00978,Circuit ID,CIR000978
SAS00978,Postcode,MK9 9AA
SAS00978,Technology Type,FTTP
SAS00979,Access Line ID,AL000979
SAS00979,Circuit ID,CIR000979
SAS00979,Postcode,MK1 1AA
SAS00979,Technology Type,Copper
SAS00980,Access Line ID,AL000980
SAS00980,Circuit ID,CIR000980
SAS00980,Postcode,MK3 7AA
SAS00980,Technology Type,FTTC
SAS00981,Access Line ID,AL000981
SAS00981,Circuit ID,CIR000981
SAS00981,Postcode,MK13 3AA
SAS00981,Technology Type,FTTP
SAS00982,Access Line ID,AL000982
SAS00982,Circuit ID,CIR000982
SAS00982,Postcode,MK4 9AA
SAS00982,Technology Type,FTTC
SAS00983,Access Line ID,AL000983
SAS00983,Circuit ID,CIR000983
SAS00983,Postcode,MK9 8AA
SAS00983,Technology Type,Copper
SAS00984,Access Line ID,AL000984
SAS00984,Circuit ID,CIR000984
SAS00984,Postcode,MK11 6AA
SAS00984,Technology Type,FTTC
SAS00985,Access Line ID,AL000985
SAS00985,Circuit ID,CIR000985
SAS00985,Postcode,MK14 4AA
SAS00985,Technology Type,Copper
SAS00986,Access Line ID,AL000986
SAS00986,Circuit ID,CIR000986
SAS00986,Postcode,MK15 7AA
SAS00986,Technology Type,FTTC
SAS00987,Access Line ID,AL000987
SAS00987,Circuit ID,CIR000987
SAS00987,Postcode,MK12 2AA
SAS00987,Technology Type,Copper
SAS00988,Access Line ID,AL000988
SAS00988,Circuit ID,CIR000988
SAS00988,Postcode,MK9 3AA
SAS00988,Technology Type,Copper
SAS00989,Access Line ID,AL000989
SAS00989,Circuit ID,CIR000989
SAS00989,Postcode,MK1 1AA
SAS00989,Technology Type,FTTP
SAS00990,Access Line ID,AL000990
SAS00990,Circuit ID,CIR000990
SAS00990,Postcode,MK8 5AA
SAS00990,Technology Type,Copper
SAS00991,Access Line ID,AL000991
SAS00991,Circuit ID,CIR000991
SAS00991,Postcode,MK4 9AA
SAS00991,Technology Type,FTTP
SAS00992,Access Line ID,AL000992
SAS00992,Circuit ID,CIR000992
SAS00992,Postcode,MK1 7AA
SAS00992,Technology Type,FTTC
SAS00993,Access Line ID,AL000993
SAS00993,Circuit ID,CIR000993
SAS00993,Postcode,MK10 4AA
SAS00993,Technology Type,FTTP
SAS00994,Access Line ID,AL000994
SAS00994,Circuit ID,CIR000994
SAS00994,Postcode,MK14 1AA
SAS00994,Technology Type,FTTC
SAS00995,Access Line ID,AL000995
SAS00995,Circuit ID,CIR000995
SAS00995,Postcode,MK16 7AA
SAS00995,Technology Type,FTTC
SAS00996,Access Line ID,AL000996
SAS00996,Circuit ID,CIR000996
SAS00996,Postcode,MK6 5AA
SAS00996,Technology Type,FTTP
SAS00997,Access Line ID,AL000997
SAS00997,Circuit ID,CIR000997
SAS00997,Postcode,MK15 1AA
SAS00997,Technology Type,FTTC
SAS00998,Access Line ID,AL000998
SAS00998,Circuit ID,CIR000998
SAS00998,Postcode,MK15 3AA
SAS00998,Technology Type,FTTC
SAS00999,Access Line ID,AL000999
SAS00999,Circuit ID,CIR000999
SAS00999,Postcode,MK11 2AA
SAS00999,Technology Type,FTTP
SAS01000,Access Line ID,AL001000
SAS01000,Circuit ID,CIR001000
SAS01000,Postcode,MK20 7AA
SAS01000,Technology Type,FTTC
